iteration,energy
0,"{'iteration': 0, 'state': <CognitiveState.FOCUSED: '专注状态'>, 'energy': 1.5}"
1,"{'iteration': 1, 'state': <CognitiveState.INSPIRED: '灵感状态'>, 'energy': 2.9983441951777676}"
2,"{'iteration': 2, 'state': <CognitiveState.EXPLORATORY: '探索状态'>, 'energy': 1.1589282929084266}"
3,"{'iteration': 3, 'state': <CognitiveState.FATIGUED: '疲劳状态'>, 'energy': 0.9478659154594772}"
4,"{'iteration': 4, 'state': <CognitiveState.EXPLORATORY: '探索状态'>, 'energy': 1.4975786397484805}"
5,"{'iteration': 5, 'state': <CognitiveState.INSPIRED: '灵感状态'>, 'energy': 3.0}"
6,"{'iteration': 6, 'state': <CognitiveState.EXPLORATORY: '探索状态'>, 'energy': 1.4038420663502986}"
7,"{'iteration': 7, 'state': <CognitiveState.FATIGUED: '疲劳状态'>, 'energy': 0.9481128934388953}"
8,"{'iteration': 8, 'state': <CognitiveState.FOCUSED: '专注状态'>, 'energy': 2.157912229920613}"
9,"{'iteration': 9, 'state': <CognitiveState.INSPIRED: '灵感状态'>, 'energy': 2.9020612345692935}"
10,"{'iteration': 10, 'state': <CognitiveState.FOCUSED: '专注状态'>, 'energy': 1.8044293445670394}"
11,"{'iteration': 11, 'state': <CognitiveState.FOCUSED: '专注状态'>, 'energy': 2.1038728616998514}"
12,"{'iteration': 12, 'state': <CognitiveState.INSPIRED: '灵感状态'>, 'energy': 2.4000488757578085}"
13,"{'iteration': 13, 'state': <CognitiveState.INSPIRED: '灵感状态'>, 'energy': 3.0}"
14,"{'iteration': 14, 'state': <CognitiveState.INSPIRED: '灵感状态'>, 'energy': 3.0}"
15,"{'iteration': 15, 'state': <CognitiveState.EXPLORATORY: '探索状态'>, 'energy': 1.2745647889819869}"
16,"{'iteration': 16, 'state': <CognitiveState.EXPLORATORY: '探索状态'>, 'energy': 1.1060231765122588}"
17,"{'iteration': 17, 'state': <CognitiveState.EXPLORATORY: '探索状态'>, 'energy': 1.4429260287132184}"
18,"{'iteration': 18, 'state': <CognitiveState.INSPIRED: '灵感状态'>, 'energy': 2.3897275640582336}"
19,"{'iteration': 19, 'state': <CognitiveState.INSPIRED: '灵感状态'>, 'energy': 2.6641704594611326}"
20,"{'iteration': 20, 'state': <CognitiveState.EXPLORATORY: '探索状态'>, 'energy': 1.6593795114531285}"
21,"{'iteration': 21, 'state': <CognitiveState.EXPLORATORY: '探索状态'>, 'energy': 1.623980783705811}"
22,"{'iteration': 22, 'state': <CognitiveState.INSPIRED: '灵感状态'>, 'energy': 2.5230055229207586}"
23,"{'iteration': 23, 'state': <CognitiveState.FOCUSED: '专注状态'>, 'energy': 2.221353063497374}"
24,"{'iteration': 24, 'state': <CognitiveState.INSPIRED: '灵感状态'>, 'energy': 2.634623820817196}"
25,"{'iteration': 25, 'state': <CognitiveState.EXPLORATORY: '探索状态'>, 'energy': 1.6380514352954156}"
26,"{'iteration': 26, 'state': <CognitiveState.EXPLORATORY: '探索状态'>, 'energy': 1.4077447863863592}"
27,"{'iteration': 27, 'state': <CognitiveState.INSPIRED: '灵感状态'>, 'energy': 2.4351782690446004}"
28,"{'iteration': 28, 'state': <CognitiveState.EXPLORATORY: '探索状态'>, 'energy': 1.230797364825947}"
29,"{'iteration': 29, 'state': <CognitiveState.FOCUSED: '专注状态'>, 'energy': 2.212415194992529}"
30,"{'iteration': 30, 'state': <CognitiveState.EXPLORATORY: '探索状态'>, 'energy': 1.1922015511351383}"
31,"{'iteration': 31, 'state': <CognitiveState.FOCUSED: '专注状态'>, 'energy': 1.7829410815931814}"
32,"{'iteration': 32, 'state': <CognitiveState.EXPLORATORY: '探索状态'>, 'energy': 1.1517955483102778}"
33,"{'iteration': 33, 'state': <CognitiveState.FATIGUED: '疲劳状态'>, 'energy': 1.2559915017726184}"
34,"{'iteration': 34, 'state': <CognitiveState.FOCUSED: '专注状态'>, 'energy': 1.9634779555050401}"
35,"{'iteration': 35, 'state': <CognitiveState.FOCUSED: '专注状态'>, 'energy': 2.108760694345809}"
36,"{'iteration': 36, 'state': <CognitiveState.FOCUSED: '专注状态'>, 'energy': 2.2860660793536747}"
37,"{'iteration': 37, 'state': <CognitiveState.EXPLORATORY: '探索状态'>, 'energy': 1.3971300770432855}"
38,"{'iteration': 38, 'state': <CognitiveState.INSPIRED: '灵感状态'>, 'energy': 2.4954408101740917}"
39,"{'iteration': 39, 'state': <CognitiveState.EXPLORATORY: '探索状态'>, 'energy': 1.4319289614087112}"
40,"{'iteration': 40, 'state': <CognitiveState.EXPLORATORY: '探索状态'>, 'energy': 1.5663405304811115}"
41,"{'iteration': 41, 'state': <CognitiveState.FOCUSED: '专注状态'>, 'energy': 2.0339642960155255}"
42,"{'iteration': 42, 'state': <CognitiveState.FOCUSED: '专注状态'>, 'energy': 1.6797972984374234}"
43,"{'iteration': 43, 'state': <CognitiveState.FOCUSED: '专注状态'>, 'energy': 1.6228378222998059}"
44,"{'iteration': 44, 'state': <CognitiveState.INSPIRED: '灵感状态'>, 'energy': 3.0}"
45,"{'iteration': 45, 'state': <CognitiveState.INSPIRED: '灵感状态'>, 'energy': 2.976014379934858}"
46,"{'iteration': 46, 'state': <CognitiveState.EXPLORATORY: '探索状态'>, 'energy': 1.3556198285957135}"
47,"{'iteration': 47, 'state': <CognitiveState.INSPIRED: '灵感状态'>, 'energy': 2.393105828025197}"
48,"{'iteration': 48, 'state': <CognitiveState.FOCUSED: '专注状态'>, 'energy': 1.915891565251469}"
49,"{'iteration': 49, 'state': <CognitiveState.FOCUSED: '专注状态'>, 'energy': 2.375195400086674}"
50,"{'iteration': 50, 'state': <CognitiveState.FOCUSED: '专注状态'>, 'energy': 1.8356365632417007}"
51,"{'iteration': 51, 'state': <CognitiveState.EXPLORATORY: '探索状态'>, 'energy': 1.2126498897741866}"
52,"{'iteration': 52, 'state': <CognitiveState.EXPLORATORY: '探索状态'>, 'energy': 1.2199033598845839}"
53,"{'iteration': 53, 'state': <CognitiveState.EXPLORATORY: '探索状态'>, 'energy': 1.5234771185716445}"
54,"{'iteration': 54, 'state': <CognitiveState.EXPLORATORY: '探索状态'>, 'energy': 1.6515221837006069}"
55,"{'iteration': 55, 'state': <CognitiveState.EXPLORATORY: '探索状态'>, 'energy': 1.6377080131824828}"
56,"{'iteration': 56, 'state': <CognitiveState.FOCUSED: '专注状态'>, 'energy': 2.284127521444493}"
57,"{'iteration': 57, 'state': <CognitiveState.FOCUSED: '专注状态'>, 'energy': 2.1864297843762355}"
58,"{'iteration': 58, 'state': <CognitiveState.EXPLORATORY: '探索状态'>, 'energy': 1.125397288729155}"
59,"{'iteration': 59, 'state': <CognitiveState.FOCUSED: '专注状态'>, 'energy': 1.942263504360387}"
60,"{'iteration': 60, 'state': <CognitiveState.FOCUSED: '专注状态'>, 'energy': 1.6518179025724826}"
61,"{'iteration': 61, 'state': <CognitiveState.FOCUSED: '专注状态'>, 'energy': 2.2146630227230357}"
62,"{'iteration': 62, 'state': <CognitiveState.FOCUSED: '专注状态'>, 'energy': 2.250573825877006}"
63,"{'iteration': 63, 'state': <CognitiveState.FOCUSED: '专注状态'>, 'energy': 2.300801796373196}"
64,"{'iteration': 64, 'state': <CognitiveState.FOCUSED: '专注状态'>, 'energy': 1.8007011095712222}"
65,"{'iteration': 65, 'state': <CognitiveState.FOCUSED: '专注状态'>, 'energy': 1.7413508217980616}"
66,"{'iteration': 66, 'state': <CognitiveState.INSPIRED: '灵感状态'>, 'energy': 2.4913013717526997}"
67,"{'iteration': 67, 'state': <CognitiveState.EXPLORATORY: '探索状态'>, 'energy': 1.3221405706565572}"
68,"{'iteration': 68, 'state': <CognitiveState.EXPLORATORY: '探索状态'>, 'energy': 1.3671447405636732}"
69,"{'iteration': 69, 'state': <CognitiveState.EXPLORATORY: '探索状态'>, 'energy': 1.4623204789673538}"
70,"{'iteration': 70, 'state': <CognitiveState.INSPIRED: '灵感状态'>, 'energy': 2.215892616779672}"
71,"{'iteration': 71, 'state': <CognitiveState.EXPLORATORY: '探索状态'>, 'energy': 1.3059698534729374}"
72,"{'iteration': 72, 'state': <CognitiveState.EXPLORATORY: '探索状态'>, 'energy': 1.2626550071944849}"
73,"{'iteration': 73, 'state': <CognitiveState.FATIGUED: '疲劳状态'>, 'energy': 1.2230207091331917}"
74,"{'iteration': 74, 'state': <CognitiveState.EXPLORATORY: '探索状态'>, 'energy': 1.182150090398491}"
75,"{'iteration': 75, 'state': <CognitiveState.FOCUSED: '专注状态'>, 'energy': 2.183581055037327}"
76,"{'iteration': 76, 'state': <CognitiveState.INSPIRED: '灵感状态'>, 'energy': 2.7079134130241154}"
77,"{'iteration': 77, 'state': <CognitiveState.FOCUSED: '专注状态'>, 'energy': 2.287871777334166}"
78,"{'iteration': 78, 'state': <CognitiveState.FOCUSED: '专注状态'>, 'energy': 2.0888548117802164}"
79,"{'iteration': 79, 'state': <CognitiveState.INSPIRED: '灵感状态'>, 'energy': 2.8770921727025622}"
80,"{'iteration': 80, 'state': <CognitiveState.FATIGUED: '疲劳状态'>, 'energy': 1.2917512447140003}"
81,"{'iteration': 81, 'state': <CognitiveState.FOCUSED: '专注状态'>, 'energy': 1.8351679190326118}"
82,"{'iteration': 82, 'state': <CognitiveState.FOCUSED: '专注状态'>, 'energy': 2.1979166453699905}"
83,"{'iteration': 83, 'state': <CognitiveState.EXPLORATORY: '探索状态'>, 'energy': 1.2975970504965835}"
84,"{'iteration': 84, 'state': <CognitiveState.EXPLORATORY: '探索状态'>, 'energy': 1.4394057600093335}"
85,"{'iteration': 85, 'state': <CognitiveState.FOCUSED: '专注状态'>, 'energy': 1.6086624411348627}"
86,"{'iteration': 86, 'state': <CognitiveState.EXPLORATORY: '探索状态'>, 'energy': 1.2206744143124297}"
87,"{'iteration': 87, 'state': <CognitiveState.FOCUSED: '专注状态'>, 'energy': 1.683093323452258}"
88,"{'iteration': 88, 'state': <CognitiveState.EXPLORATORY: '探索状态'>, 'energy': 1.3495419158900448}"
89,"{'iteration': 89, 'state': <CognitiveState.EXPLORATORY: '探索状态'>, 'energy': 1.6708371192622375}"
90,"{'iteration': 90, 'state': <CognitiveState.INSPIRED: '灵感状态'>, 'energy': 2.959066257129164}"
91,"{'iteration': 91, 'state': <CognitiveState.EXPLORATORY: '探索状态'>, 'energy': 1.3896597984795633}"
92,"{'iteration': 92, 'state': <CognitiveState.EXPLORATORY: '探索状态'>, 'energy': 1.6662587297696734}"
93,"{'iteration': 93, 'state': <CognitiveState.INSPIRED: '灵感状态'>, 'energy': 3.0}"
94,"{'iteration': 94, 'state': <CognitiveState.INSPIRED: '灵感状态'>, 'energy': 2.433675081045635}"
95,"{'iteration': 95, 'state': <CognitiveState.FATIGUED: '疲劳状态'>, 'energy': 0.9920474730633407}"
96,"{'iteration': 96, 'state': <CognitiveState.FATIGUED: '疲劳状态'>, 'energy': 1.2446116221303223}"
97,"{'iteration': 97, 'state': <CognitiveState.FOCUSED: '专注状态'>, 'energy': 1.775523110013274}"
98,"{'iteration': 98, 'state': <CognitiveState.EXPLORATORY: '探索状态'>, 'energy': 1.117332487324863}"
99,"{'iteration': 99, 'state': <CognitiveState.FOCUSED: '专注状态'>, 'energy': 1.7085393332868453}"
100,"{'iteration': 100, 'state': <CognitiveState.EXPLORATORY: '探索状态'>, 'energy': 1.4428498529757074}"
101,"{'iteration': 101, 'state': <CognitiveState.INSPIRED: '灵感状态'>, 'energy': 2.9649327595989154}"
102,"{'iteration': 102, 'state': <CognitiveState.EXPLORATORY: '探索状态'>, 'energy': 1.3483645328819513}"
103,"{'iteration': 103, 'state': <CognitiveState.FOCUSED: '专注状态'>, 'energy': 2.3821499291206214}"
104,"{'iteration': 104, 'state': <CognitiveState.EXPLORATORY: '探索状态'>, 'energy': 1.5161621264598457}"
105,"{'iteration': 105, 'state': <CognitiveState.INSPIRED: '灵感状态'>, 'energy': 2.441996504798254}"
106,"{'iteration': 106, 'state': <CognitiveState.EXPLORATORY: '探索状态'>, 'energy': 1.467193454876209}"
107,"{'iteration': 107, 'state': <CognitiveState.FOCUSED: '专注状态'>, 'energy': 1.6806050857603154}"
108,"{'iteration': 108, 'state': <CognitiveState.EXPLORATORY: '探索状态'>, 'energy': 1.317965850858256}"
109,"{'iteration': 109, 'state': <CognitiveState.EXPLORATORY: '探索状态'>, 'energy': 1.252378565603596}"
110,"{'iteration': 110, 'state': <CognitiveState.FOCUSED: '专注状态'>, 'energy': 2.381699388052736}"
111,"{'iteration': 111, 'state': <CognitiveState.FOCUSED: '专注状态'>, 'energy': 2.032957398820547}"
112,"{'iteration': 112, 'state': <CognitiveState.INSPIRED: '灵感状态'>, 'energy': 2.7487407952007703}"
113,"{'iteration': 113, 'state': <CognitiveState.FOCUSED: '专注状态'>, 'energy': 2.2372361830336938}"
114,"{'iteration': 114, 'state': <CognitiveState.FATIGUED: '疲劳状态'>, 'energy': 0.9539829512738675}"
115,"{'iteration': 115, 'state': <CognitiveState.FATIGUED: '疲劳状态'>, 'energy': 1.0648736265765455}"
116,"{'iteration': 116, 'state': <CognitiveState.EXPLORATORY: '探索状态'>, 'energy': 1.2998028872973246}"
117,"{'iteration': 117, 'state': <CognitiveState.FOCUSED: '专注状态'>, 'energy': 2.130006546715793}"
118,"{'iteration': 118, 'state': <CognitiveState.FOCUSED: '专注状态'>, 'energy': 1.6667281585109848}"
119,"{'iteration': 119, 'state': <CognitiveState.FOCUSED: '专注状态'>, 'energy': 2.1005417938874036}"
120,"{'iteration': 120, 'state': <CognitiveState.EXPLORATORY: '探索状态'>, 'energy': 1.5217020359362574}"
121,"{'iteration': 121, 'state': <CognitiveState.FOCUSED: '专注状态'>, 'energy': 2.2170144554656623}"
122,"{'iteration': 122, 'state': <CognitiveState.EXPLORATORY: '探索状态'>, 'energy': 1.5132861900246537}"
123,"{'iteration': 123, 'state': <CognitiveState.EXPLORATORY: '探索状态'>, 'energy': 1.3657766978124795}"
124,"{'iteration': 124, 'state': <CognitiveState.FOCUSED: '专注状态'>, 'energy': 2.2853749835701205}"
125,"{'iteration': 125, 'state': <CognitiveState.INSPIRED: '灵感状态'>, 'energy': 2.931160086013164}"
126,"{'iteration': 126, 'state': <CognitiveState.FATIGUED: '疲劳状态'>, 'energy': 0.9162528827089684}"
127,"{'iteration': 127, 'state': <CognitiveState.FOCUSED: '专注状态'>, 'energy': 2.3640776302109137}"
128,"{'iteration': 128, 'state': <CognitiveState.FOCUSED: '专注状态'>, 'energy': 2.1425994187825403}"
129,"{'iteration': 129, 'state': <CognitiveState.INSPIRED: '灵感状态'>, 'energy': 2.87762093761371}"
130,"{'iteration': 130, 'state': <CognitiveState.EXPLORATORY: '探索状态'>, 'energy': 1.631455480044889}"
131,"{'iteration': 131, 'state': <CognitiveState.FOCUSED: '专注状态'>, 'energy': 1.7978999601060668}"
132,"{'iteration': 132, 'state': <CognitiveState.EXPLORATORY: '探索状态'>, 'energy': 1.5621321732520141}"
133,"{'iteration': 133, 'state': <CognitiveState.FOCUSED: '专注状态'>, 'energy': 2.1525090898386843}"
134,"{'iteration': 134, 'state': <CognitiveState.FATIGUED: '疲劳状态'>, 'energy': 1.1546087423723643}"
135,"{'iteration': 135, 'state': <CognitiveState.FOCUSED: '专注状态'>, 'energy': 2.345769333584277}"
136,"{'iteration': 136, 'state': <CognitiveState.FOCUSED: '专注状态'>, 'energy': 2.3128488367344215}"
137,"{'iteration': 137, 'state': <CognitiveState.INSPIRED: '灵感状态'>, 'energy': 3.0}"
138,"{'iteration': 138, 'state': <CognitiveState.FOCUSED: '专注状态'>, 'energy': 2.097583532240372}"
139,"{'iteration': 139, 'state': <CognitiveState.EXPLORATORY: '探索状态'>, 'energy': 1.6024123472231122}"
140,"{'iteration': 140, 'state': <CognitiveState.EXPLORATORY: '探索状态'>, 'energy': 1.6113997614519127}"
141,"{'iteration': 141, 'state': <CognitiveState.FATIGUED: '疲劳状态'>, 'energy': 1.0437525619712393}"
142,"{'iteration': 142, 'state': <CognitiveState.INSPIRED: '灵感状态'>, 'energy': 2.5663312039670565}"
143,"{'iteration': 143, 'state': <CognitiveState.FATIGUED: '疲劳状态'>, 'energy': 1.0098746830905245}"
144,"{'iteration': 144, 'state': <CognitiveState.EXPLORATORY: '探索状态'>, 'energy': 1.353525661517073}"
145,"{'iteration': 145, 'state': <CognitiveState.INSPIRED: '灵感状态'>, 'energy': 2.5220803273837027}"
146,"{'iteration': 146, 'state': <CognitiveState.FOCUSED: '专注状态'>, 'energy': 1.9765963800548458}"
147,"{'iteration': 147, 'state': <CognitiveState.INSPIRED: '灵感状态'>, 'energy': 2.330088701726151}"
148,"{'iteration': 148, 'state': <CognitiveState.EXPLORATORY: '探索状态'>, 'energy': 1.5305377143343033}"
149,"{'iteration': 149, 'state': <CognitiveState.FOCUSED: '专注状态'>, 'energy': 1.699804984071787}"
150,"{'iteration': 150, 'state': <CognitiveState.EXPLORATORY: '探索状态'>, 'energy': 1.5951203404667211}"
151,"{'iteration': 151, 'state': <CognitiveState.EXPLORATORY: '探索状态'>, 'energy': 1.3425060076220097}"
152,"{'iteration': 152, 'state': <CognitiveState.FOCUSED: '专注状态'>, 'energy': 2.202779636950453}"
153,"{'iteration': 153, 'state': <CognitiveState.FATIGUED: '疲劳状态'>, 'energy': 1.1522959423462433}"
154,"{'iteration': 154, 'state': <CognitiveState.FOCUSED: '专注状态'>, 'energy': 1.6148073151112687}"
155,"{'iteration': 155, 'state': <CognitiveState.EXPLORATORY: '探索状态'>, 'energy': 1.4543238618632992}"
156,"{'iteration': 156, 'state': <CognitiveState.FOCUSED: '专注状态'>, 'energy': 1.970232804741176}"
157,"{'iteration': 157, 'state': <CognitiveState.EXPLORATORY: '探索状态'>, 'energy': 1.6852994666161019}"
158,"{'iteration': 158, 'state': <CognitiveState.FATIGUED: '疲劳状态'>, 'energy': 1.1896275574619908}"
159,"{'iteration': 159, 'state': <CognitiveState.EXPLORATORY: '探索状态'>, 'energy': 1.3845771392283561}"
160,"{'iteration': 160, 'state': <CognitiveState.FOCUSED: '专注状态'>, 'energy': 2.065037497376199}"
161,"{'iteration': 161, 'state': <CognitiveState.FOCUSED: '专注状态'>, 'energy': 1.6436326499717662}"
162,"{'iteration': 162, 'state': <CognitiveState.FOCUSED: '专注状态'>, 'energy': 2.261931623872133}"
163,"{'iteration': 163, 'state': <CognitiveState.FOCUSED: '专注状态'>, 'energy': 1.8611294458096859}"
164,"{'iteration': 164, 'state': <CognitiveState.INSPIRED: '灵感状态'>, 'energy': 3.0}"
165,"{'iteration': 165, 'state': <CognitiveState.EXPLORATORY: '探索状态'>, 'energy': 1.2594899058496032}"
166,"{'iteration': 166, 'state': <CognitiveState.FOCUSED: '专注状态'>, 'energy': 2.1410784110328014}"
167,"{'iteration': 167, 'state': <CognitiveState.EXPLORATORY: '探索状态'>, 'energy': 1.438907020211593}"
168,"{'iteration': 168, 'state': <CognitiveState.EXPLORATORY: '探索状态'>, 'energy': 1.1286493949613265}"
169,"{'iteration': 169, 'state': <CognitiveState.INSPIRED: '灵感状态'>, 'energy': 2.5464223910241586}"
170,"{'iteration': 170, 'state': <CognitiveState.FATIGUED: '疲劳状态'>, 'energy': 1.0537737477419302}"
171,"{'iteration': 171, 'state': <CognitiveState.FOCUSED: '专注状态'>, 'energy': 1.938291775599085}"
172,"{'iteration': 172, 'state': <CognitiveState.FOCUSED: '专注状态'>, 'energy': 1.663097341299674}"
173,"{'iteration': 173, 'state': <CognitiveState.EXPLORATORY: '探索状态'>, 'energy': 1.4408215334903793}"
174,"{'iteration': 174, 'state': <CognitiveState.INSPIRED: '灵感状态'>, 'energy': 2.376119411346994}"
175,"{'iteration': 175, 'state': <CognitiveState.EXPLORATORY: '探索状态'>, 'energy': 1.6057661174452442}"
176,"{'iteration': 176, 'state': <CognitiveState.EXPLORATORY: '探索状态'>, 'energy': 1.509812544995336}"
177,"{'iteration': 177, 'state': <CognitiveState.FOCUSED: '专注状态'>, 'energy': 2.339540520519807}"
178,"{'iteration': 178, 'state': <CognitiveState.INSPIRED: '灵感状态'>, 'energy': 2.96151603781888}"
179,"{'iteration': 179, 'state': <CognitiveState.FOCUSED: '专注状态'>, 'energy': 1.9096192731545794}"
180,"{'iteration': 180, 'state': <CognitiveState.INSPIRED: '灵感状态'>, 'energy': 2.6944854715166278}"
181,"{'iteration': 181, 'state': <CognitiveState.FOCUSED: '专注状态'>, 'energy': 2.287354695143091}"
182,"{'iteration': 182, 'state': <CognitiveState.FOCUSED: '专注状态'>, 'energy': 2.0133561888538045}"
183,"{'iteration': 183, 'state': <CognitiveState.FOCUSED: '专注状态'>, 'energy': 1.856888940933933}"
184,"{'iteration': 184, 'state': <CognitiveState.EXPLORATORY: '探索状态'>, 'energy': 1.1293751058750305}"
185,"{'iteration': 185, 'state': <CognitiveState.FATIGUED: '疲劳状态'>, 'energy': 1.0639224441110895}"
186,"{'iteration': 186, 'state': <CognitiveState.INSPIRED: '灵感状态'>, 'energy': 2.506512067406409}"
187,"{'iteration': 187, 'state': <CognitiveState.INSPIRED: '灵感状态'>, 'energy': 3.0}"
188,"{'iteration': 188, 'state': <CognitiveState.FOCUSED: '专注状态'>, 'energy': 2.1367260072911565}"
189,"{'iteration': 189, 'state': <CognitiveState.FATIGUED: '疲劳状态'>, 'energy': 1.2593028663423027}"
190,"{'iteration': 190, 'state': <CognitiveState.INSPIRED: '灵感状态'>, 'energy': 2.5123047528091993}"
191,"{'iteration': 191, 'state': <CognitiveState.FATIGUED: '疲劳状态'>, 'energy': 1.1227911144871339}"
192,"{'iteration': 192, 'state': <CognitiveState.EXPLORATORY: '探索状态'>, 'energy': 1.5771115676601126}"
193,"{'iteration': 193, 'state': <CognitiveState.EXPLORATORY: '探索状态'>, 'energy': 1.150965480602295}"
194,"{'iteration': 194, 'state': <CognitiveState.EXPLORATORY: '探索状态'>, 'energy': 1.6455766556282097}"
195,"{'iteration': 195, 'state': <CognitiveState.FATIGUED: '疲劳状态'>, 'energy': 1.0927930431407635}"
196,"{'iteration': 196, 'state': <CognitiveState.INSPIRED: '灵感状态'>, 'energy': 2.6324559858242056}"
197,"{'iteration': 197, 'state': <CognitiveState.EXPLORATORY: '探索状态'>, 'energy': 1.445934461524175}"
198,"{'iteration': 198, 'state': <CognitiveState.EXPLORATORY: '探索状态'>, 'energy': 1.3061894215552736}"
199,"{'iteration': 199, 'state': <CognitiveState.FOCUSED: '专注状态'>, 'energy': 2.3364632181044698}"
200,"{'iteration': 200, 'state': <CognitiveState.FOCUSED: '专注状态'>, 'energy': 1.932105205884009}"
201,"{'iteration': 201, 'state': <CognitiveState.INSPIRED: '灵感状态'>, 'energy': 2.837582341531342}"
202,"{'iteration': 202, 'state': <CognitiveState.FOCUSED: '专注状态'>, 'energy': 1.8671379356266877}"
203,"{'iteration': 203, 'state': <CognitiveState.FATIGUED: '疲劳状态'>, 'energy': 1.0200532746549578}"
204,"{'iteration': 204, 'state': <CognitiveState.INSPIRED: '灵感状态'>, 'energy': 2.376160415403803}"
205,"{'iteration': 205, 'state': <CognitiveState.EXPLORATORY: '探索状态'>, 'energy': 1.2724167512576687}"
206,"{'iteration': 206, 'state': <CognitiveState.EXPLORATORY: '探索状态'>, 'energy': 1.611364386497283}"
207,"{'iteration': 207, 'state': <CognitiveState.FOCUSED: '专注状态'>, 'energy': 2.2652591909239423}"
208,"{'iteration': 208, 'state': <CognitiveState.INSPIRED: '灵感状态'>, 'energy': 2.3978483520494938}"
209,"{'iteration': 209, 'state': <CognitiveState.FOCUSED: '专注状态'>, 'energy': 1.9034339302745718}"
210,"{'iteration': 210, 'state': <CognitiveState.FOCUSED: '专注状态'>, 'energy': 2.2285365980321377}"
211,"{'iteration': 211, 'state': <CognitiveState.FATIGUED: '疲劳状态'>, 'energy': 1.0270918867627596}"
212,"{'iteration': 212, 'state': <CognitiveState.EXPLORATORY: '探索状态'>, 'energy': 1.3390683625114235}"
213,"{'iteration': 213, 'state': <CognitiveState.FATIGUED: '疲劳状态'>, 'energy': 0.9574864953715464}"
214,"{'iteration': 214, 'state': <CognitiveState.FOCUSED: '专注状态'>, 'energy': 1.965610689113851}"
215,"{'iteration': 215, 'state': <CognitiveState.EXPLORATORY: '探索状态'>, 'energy': 1.1155918353827403}"
216,"{'iteration': 216, 'state': <CognitiveState.FOCUSED: '专注状态'>, 'energy': 1.8792773421491245}"
217,"{'iteration': 217, 'state': <CognitiveState.EXPLORATORY: '探索状态'>, 'energy': 1.1405698852690782}"
218,"{'iteration': 218, 'state': <CognitiveState.FOCUSED: '专注状态'>, 'energy': 1.9237992612398747}"
219,"{'iteration': 219, 'state': <CognitiveState.FOCUSED: '专注状态'>, 'energy': 1.9992416209978288}"
220,"{'iteration': 220, 'state': <CognitiveState.INSPIRED: '灵感状态'>, 'energy': 2.220473207579699}"
221,"{'iteration': 221, 'state': <CognitiveState.EXPLORATORY: '探索状态'>, 'energy': 1.2181014853935677}"
222,"{'iteration': 222, 'state': <CognitiveState.EXPLORATORY: '探索状态'>, 'energy': 1.4782575992173757}"
223,"{'iteration': 223, 'state': <CognitiveState.FATIGUED: '疲劳状态'>, 'energy': 0.9378937044809421}"
224,"{'iteration': 224, 'state': <CognitiveState.EXPLORATORY: '探索状态'>, 'energy': 1.2756947242325563}"
225,"{'iteration': 225, 'state': <CognitiveState.INSPIRED: '灵感状态'>, 'energy': 2.4185652683424057}"
226,"{'iteration': 226, 'state': <CognitiveState.INSPIRED: '灵感状态'>, 'energy': 2.2645961508174026}"
227,"{'iteration': 227, 'state': <CognitiveState.INSPIRED: '灵感状态'>, 'energy': 3.0}"
228,"{'iteration': 228, 'state': <CognitiveState.FATIGUED: '疲劳状态'>, 'energy': 1.0305079460702402}"
229,"{'iteration': 229, 'state': <CognitiveState.FOCUSED: '专注状态'>, 'energy': 2.032200463583398}"
230,"{'iteration': 230, 'state': <CognitiveState.INSPIRED: '灵感状态'>, 'energy': 2.5016360091472185}"
231,"{'iteration': 231, 'state': <CognitiveState.INSPIRED: '灵感状态'>, 'energy': 3.0}"
232,"{'iteration': 232, 'state': <CognitiveState.FOCUSED: '专注状态'>, 'energy': 2.0974339776068986}"
233,"{'iteration': 233, 'state': <CognitiveState.FOCUSED: '专注状态'>, 'energy': 2.203044020579686}"
234,"{'iteration': 234, 'state': <CognitiveState.FOCUSED: '专注状态'>, 'energy': 1.8497824524214324}"
235,"{'iteration': 235, 'state': <CognitiveState.EXPLORATORY: '探索状态'>, 'energy': 1.4342988341197551}"
236,"{'iteration': 236, 'state': <CognitiveState.INSPIRED: '灵感状态'>, 'energy': 2.2844555800137885}"
237,"{'iteration': 237, 'state': <CognitiveState.FATIGUED: '疲劳状态'>, 'energy': 1.1923607092045192}"
238,"{'iteration': 238, 'state': <CognitiveState.FOCUSED: '专注状态'>, 'energy': 1.7061591695732967}"
239,"{'iteration': 239, 'state': <CognitiveState.FOCUSED: '专注状态'>, 'energy': 2.328151207740891}"
240,"{'iteration': 240, 'state': <CognitiveState.FOCUSED: '专注状态'>, 'energy': 2.2213823440627434}"
241,"{'iteration': 241, 'state': <CognitiveState.FOCUSED: '专注状态'>, 'energy': 2.1432946854255643}"
242,"{'iteration': 242, 'state': <CognitiveState.INSPIRED: '灵感状态'>, 'energy': 2.2157452244619305}"
243,"{'iteration': 243, 'state': <CognitiveState.FOCUSED: '专注状态'>, 'energy': 2.083304290338641}"
244,"{'iteration': 244, 'state': <CognitiveState.EXPLORATORY: '探索状态'>, 'energy': 1.186595441143138}"
245,"{'iteration': 245, 'state': <CognitiveState.FOCUSED: '专注状态'>, 'energy': 1.7950952843303125}"
246,"{'iteration': 246, 'state': <CognitiveState.FOCUSED: '专注状态'>, 'energy': 1.6700914356157688}"
247,"{'iteration': 247, 'state': <CognitiveState.FATIGUED: '疲劳状态'>, 'energy': 1.2839891220171114}"
248,"{'iteration': 248, 'state': <CognitiveState.EXPLORATORY: '探索状态'>, 'energy': 1.674932598105341}"
249,"{'iteration': 249, 'state': <CognitiveState.FATIGUED: '疲劳状态'>, 'energy': 1.1443785582858117}"
250,"{'iteration': 250, 'state': <CognitiveState.EXPLORATORY: '探索状态'>, 'energy': 1.4631200582083772}"
251,"{'iteration': 251, 'state': <CognitiveState.EXPLORATORY: '探索状态'>, 'energy': 1.213472018935829}"
252,"{'iteration': 252, 'state': <CognitiveState.EXPLORATORY: '探索状态'>, 'energy': 1.2739971820702212}"
253,"{'iteration': 253, 'state': <CognitiveState.FOCUSED: '专注状态'>, 'energy': 1.72523351729938}"
254,"{'iteration': 254, 'state': <CognitiveState.EXPLORATORY: '探索状态'>, 'energy': 1.6862863525112952}"
255,"{'iteration': 255, 'state': <CognitiveState.FOCUSED: '专注状态'>, 'energy': 2.232113457738362}"
256,"{'iteration': 256, 'state': <CognitiveState.INSPIRED: '灵感状态'>, 'energy': 2.747567778481542}"
257,"{'iteration': 257, 'state': <CognitiveState.INSPIRED: '灵感状态'>, 'energy': 2.607762861060537}"
258,"{'iteration': 258, 'state': <CognitiveState.FOCUSED: '专注状态'>, 'energy': 1.9303165257940436}"
259,"{'iteration': 259, 'state': <CognitiveState.EXPLORATORY: '探索状态'>, 'energy': 1.3780542575797972}"
260,"{'iteration': 260, 'state': <CognitiveState.FATIGUED: '疲劳状态'>, 'energy': 1.0929848650139995}"
261,"{'iteration': 261, 'state': <CognitiveState.FOCUSED: '专注状态'>, 'energy': 2.002741570462965}"
262,"{'iteration': 262, 'state': <CognitiveState.FOCUSED: '专注状态'>, 'energy': 2.0741507558311767}"
263,"{'iteration': 263, 'state': <CognitiveState.FATIGUED: '疲劳状态'>, 'energy': 1.2547053989680883}"
264,"{'iteration': 264, 'state': <CognitiveState.FATIGUED: '疲劳状态'>, 'energy': 1.2660204368836743}"
265,"{'iteration': 265, 'state': <CognitiveState.FATIGUED: '疲劳状态'>, 'energy': 1.2826907800061274}"
266,"{'iteration': 266, 'state': <CognitiveState.FOCUSED: '专注状态'>, 'energy': 1.712441500720939}"
267,"{'iteration': 267, 'state': <CognitiveState.FOCUSED: '专注状态'>, 'energy': 1.6838511736981405}"
268,"{'iteration': 268, 'state': <CognitiveState.EXPLORATORY: '探索状态'>, 'energy': 1.2721846804048673}"
269,"{'iteration': 269, 'state': <CognitiveState.FATIGUED: '疲劳状态'>, 'energy': 1.2289057056051682}"
270,"{'iteration': 270, 'state': <CognitiveState.EXPLORATORY: '探索状态'>, 'energy': 1.430044913723911}"
271,"{'iteration': 271, 'state': <CognitiveState.EXPLORATORY: '探索状态'>, 'energy': 1.1655359790494961}"
272,"{'iteration': 272, 'state': <CognitiveState.INSPIRED: '灵感状态'>, 'energy': 2.4118614863203667}"
273,"{'iteration': 273, 'state': <CognitiveState.FOCUSED: '专注状态'>, 'energy': 1.8612664963336432}"
274,"{'iteration': 274, 'state': <CognitiveState.EXPLORATORY: '探索状态'>, 'energy': 1.4014708628655217}"
275,"{'iteration': 275, 'state': <CognitiveState.INSPIRED: '灵感状态'>, 'energy': 3.0}"
276,"{'iteration': 276, 'state': <CognitiveState.INSPIRED: '灵感状态'>, 'energy': 2.3033074917634293}"
277,"{'iteration': 277, 'state': <CognitiveState.INSPIRED: '灵感状态'>, 'energy': 2.45384087623777}"
278,"{'iteration': 278, 'state': <CognitiveState.FOCUSED: '专注状态'>, 'energy': 1.6351408179309026}"
279,"{'iteration': 279, 'state': <CognitiveState.INSPIRED: '灵感状态'>, 'energy': 2.811391294323228}"
280,"{'iteration': 280, 'state': <CognitiveState.INSPIRED: '灵感状态'>, 'energy': 2.5714307316963882}"
281,"{'iteration': 281, 'state': <CognitiveState.EXPLORATORY: '探索状态'>, 'energy': 1.305670251000079}"
282,"{'iteration': 282, 'state': <CognitiveState.FOCUSED: '专注状态'>, 'energy': 1.8086041858482236}"
283,"{'iteration': 283, 'state': <CognitiveState.INSPIRED: '灵感状态'>, 'energy': 2.8687808886808948}"
284,"{'iteration': 284, 'state': <CognitiveState.FOCUSED: '专注状态'>, 'energy': 2.2758823728767785}"
285,"{'iteration': 285, 'state': <CognitiveState.INSPIRED: '灵感状态'>, 'energy': 3.0}"
286,"{'iteration': 286, 'state': <CognitiveState.FOCUSED: '专注状态'>, 'energy': 1.648973786851605}"
287,"{'iteration': 287, 'state': <CognitiveState.EXPLORATORY: '探索状态'>, 'energy': 1.5329582342024175}"
288,"{'iteration': 288, 'state': <CognitiveState.FOCUSED: '专注状态'>, 'energy': 1.9138990912981346}"
289,"{'iteration': 289, 'state': <CognitiveState.EXPLORATORY: '探索状态'>, 'energy': 1.289607218867327}"
290,"{'iteration': 290, 'state': <CognitiveState.EXPLORATORY: '探索状态'>, 'energy': 1.1884041600145885}"
291,"{'iteration': 291, 'state': <CognitiveState.EXPLORATORY: '探索状态'>, 'energy': 1.3342258618712812}"
292,"{'iteration': 292, 'state': <CognitiveState.FOCUSED: '专注状态'>, 'energy': 2.189198542480773}"
293,"{'iteration': 293, 'state': <CognitiveState.FATIGUED: '疲劳状态'>, 'energy': 0.9370737196345443}"
294,"{'iteration': 294, 'state': <CognitiveState.EXPLORATORY: '探索状态'>, 'energy': 1.5243884480474594}"
295,"{'iteration': 295, 'state': <CognitiveState.FOCUSED: '专注状态'>, 'energy': 1.7312685692211567}"
296,"{'iteration': 296, 'state': <CognitiveState.EXPLORATORY: '探索状态'>, 'energy': 1.148403679967541}"
297,"{'iteration': 297, 'state': <CognitiveState.EXPLORATORY: '探索状态'>, 'energy': 1.4935588699065951}"
298,"{'iteration': 298, 'state': <CognitiveState.EXPLORATORY: '探索状态'>, 'energy': 1.548449981978461}"
299,"{'iteration': 299, 'state': <CognitiveState.FATIGUED: '疲劳状态'>, 'energy': 1.0307109063126059}"
300,"{'iteration': 300, 'state': <CognitiveState.INSPIRED: '灵感状态'>, 'energy': 3.0}"
301,"{'iteration': 301, 'state': <CognitiveState.FOCUSED: '专注状态'>, 'energy': 2.0508897002719473}"
302,"{'iteration': 302, 'state': <CognitiveState.EXPLORATORY: '探索状态'>, 'energy': 1.4679288779451678}"
303,"{'iteration': 303, 'state': <CognitiveState.INSPIRED: '灵感状态'>, 'energy': 2.83993760361102}"
304,"{'iteration': 304, 'state': <CognitiveState.FOCUSED: '专注状态'>, 'energy': 1.869519332811133}"
305,"{'iteration': 305, 'state': <CognitiveState.FATIGUED: '疲劳状态'>, 'energy': 1.1537070058248202}"
306,"{'iteration': 306, 'state': <CognitiveState.INSPIRED: '灵感状态'>, 'energy': 3.0}"
307,"{'iteration': 307, 'state': <CognitiveState.INSPIRED: '灵感状态'>, 'energy': 2.864125475694572}"
308,"{'iteration': 308, 'state': <CognitiveState.FOCUSED: '专注状态'>, 'energy': 1.600319932584172}"
309,"{'iteration': 309, 'state': <CognitiveState.EXPLORATORY: '探索状态'>, 'energy': 1.6191468779323697}"
310,"{'iteration': 310, 'state': <CognitiveState.FOCUSED: '专注状态'>, 'energy': 2.223507271568992}"
311,"{'iteration': 311, 'state': <CognitiveState.EXPLORATORY: '探索状态'>, 'energy': 1.256500596339309}"
312,"{'iteration': 312, 'state': <CognitiveState.EXPLORATORY: '探索状态'>, 'energy': 1.2518308651320535}"
313,"{'iteration': 313, 'state': <CognitiveState.INSPIRED: '灵感状态'>, 'energy': 2.2310334956975186}"
314,"{'iteration': 314, 'state': <CognitiveState.FATIGUED: '疲劳状态'>, 'energy': 0.9839946800938866}"
315,"{'iteration': 315, 'state': <CognitiveState.FOCUSED: '专注状态'>, 'energy': 1.8877629826942819}"
316,"{'iteration': 316, 'state': <CognitiveState.INSPIRED: '灵感状态'>, 'energy': 2.2931590991003103}"
317,"{'iteration': 317, 'state': <CognitiveState.FOCUSED: '专注状态'>, 'energy': 2.3354816444482087}"
318,"{'iteration': 318, 'state': <CognitiveState.EXPLORATORY: '探索状态'>, 'energy': 1.2066972980046413}"
319,"{'iteration': 319, 'state': <CognitiveState.INSPIRED: '灵感状态'>, 'energy': 2.596699567221765}"
320,"{'iteration': 320, 'state': <CognitiveState.INSPIRED: '灵感状态'>, 'energy': 2.6230582818712187}"
321,"{'iteration': 321, 'state': <CognitiveState.FOCUSED: '专注状态'>, 'energy': 1.839384561829987}"
322,"{'iteration': 322, 'state': <CognitiveState.FOCUSED: '专注状态'>, 'energy': 2.2444321457964844}"
323,"{'iteration': 323, 'state': <CognitiveState.FOCUSED: '专注状态'>, 'energy': 1.7910179826447281}"
324,"{'iteration': 324, 'state': <CognitiveState.EXPLORATORY: '探索状态'>, 'energy': 1.2035177584501255}"
325,"{'iteration': 325, 'state': <CognitiveState.INSPIRED: '灵感状态'>, 'energy': 2.3173694446978725}"
326,"{'iteration': 326, 'state': <CognitiveState.FATIGUED: '疲劳状态'>, 'energy': 1.0223198049634445}"
327,"{'iteration': 327, 'state': <CognitiveState.FOCUSED: '专注状态'>, 'energy': 2.216392658502933}"
328,"{'iteration': 328, 'state': <CognitiveState.FOCUSED: '专注状态'>, 'energy': 1.6703088794103371}"
329,"{'iteration': 329, 'state': <CognitiveState.FOCUSED: '专注状态'>, 'energy': 2.0894310283659103}"
330,"{'iteration': 330, 'state': <CognitiveState.EXPLORATORY: '探索状态'>, 'energy': 1.4657726468965637}"
331,"{'iteration': 331, 'state': <CognitiveState.FOCUSED: '专注状态'>, 'energy': 1.7766578774037378}"
332,"{'iteration': 332, 'state': <CognitiveState.EXPLORATORY: '探索状态'>, 'energy': 1.1558486376199575}"
333,"{'iteration': 333, 'state': <CognitiveState.FATIGUED: '疲劳状态'>, 'energy': 1.1228116513502082}"
334,"{'iteration': 334, 'state': <CognitiveState.INSPIRED: '灵感状态'>, 'energy': 2.400866468351052}"
335,"{'iteration': 335, 'state': <CognitiveState.INSPIRED: '灵感状态'>, 'energy': 2.589845677998158}"
336,"{'iteration': 336, 'state': <CognitiveState.FOCUSED: '专注状态'>, 'energy': 2.0115119483937844}"
337,"{'iteration': 337, 'state': <CognitiveState.EXPLORATORY: '探索状态'>, 'energy': 1.2271630527567454}"
338,"{'iteration': 338, 'state': <CognitiveState.EXPLORATORY: '探索状态'>, 'energy': 1.103261889328957}"
339,"{'iteration': 339, 'state': <CognitiveState.FOCUSED: '专注状态'>, 'energy': 1.8762783612597902}"
340,"{'iteration': 340, 'state': <CognitiveState.FOCUSED: '专注状态'>, 'energy': 2.188466318012088}"
341,"{'iteration': 341, 'state': <CognitiveState.FOCUSED: '专注状态'>, 'energy': 1.6646527709804269}"
342,"{'iteration': 342, 'state': <CognitiveState.INSPIRED: '灵感状态'>, 'energy': 3.0}"
343,"{'iteration': 343, 'state': <CognitiveState.FOCUSED: '专注状态'>, 'energy': 2.2303578062070493}"
344,"{'iteration': 344, 'state': <CognitiveState.EXPLORATORY: '探索状态'>, 'energy': 1.137868990695537}"
345,"{'iteration': 345, 'state': <CognitiveState.FOCUSED: '专注状态'>, 'energy': 1.840309986606804}"
346,"{'iteration': 346, 'state': <CognitiveState.FATIGUED: '疲劳状态'>, 'energy': 1.2254819879788748}"
347,"{'iteration': 347, 'state': <CognitiveState.FATIGUED: '疲劳状态'>, 'energy': 1.016675996185246}"
348,"{'iteration': 348, 'state': <CognitiveState.FOCUSED: '专注状态'>, 'energy': 2.12657130350297}"
349,"{'iteration': 349, 'state': <CognitiveState.FATIGUED: '疲劳状态'>, 'energy': 1.1049942291587354}"
350,"{'iteration': 350, 'state': <CognitiveState.EXPLORATORY: '探索状态'>, 'energy': 1.3771614365678972}"
351,"{'iteration': 351, 'state': <CognitiveState.INSPIRED: '灵感状态'>, 'energy': 2.4464758436234866}"
352,"{'iteration': 352, 'state': <CognitiveState.INSPIRED: '灵感状态'>, 'energy': 2.5512835319564893}"
353,"{'iteration': 353, 'state': <CognitiveState.FOCUSED: '专注状态'>, 'energy': 2.0658647200845044}"
354,"{'iteration': 354, 'state': <CognitiveState.INSPIRED: '灵感状态'>, 'energy': 2.482847853960433}"
355,"{'iteration': 355, 'state': <CognitiveState.FOCUSED: '专注状态'>, 'energy': 2.3053315362976106}"
356,"{'iteration': 356, 'state': <CognitiveState.INSPIRED: '灵感状态'>, 'energy': 2.985278097254122}"
357,"{'iteration': 357, 'state': <CognitiveState.FOCUSED: '专注状态'>, 'energy': 1.7353825195627477}"
358,"{'iteration': 358, 'state': <CognitiveState.EXPLORATORY: '探索状态'>, 'energy': 1.4705234326771353}"
359,"{'iteration': 359, 'state': <CognitiveState.EXPLORATORY: '探索状态'>, 'energy': 1.478437497360803}"
360,"{'iteration': 360, 'state': <CognitiveState.EXPLORATORY: '探索状态'>, 'energy': 1.5282307639448627}"
361,"{'iteration': 361, 'state': <CognitiveState.EXPLORATORY: '探索状态'>, 'energy': 1.124352339235834}"
362,"{'iteration': 362, 'state': <CognitiveState.FOCUSED: '专注状态'>, 'energy': 1.9829417784776981}"
363,"{'iteration': 363, 'state': <CognitiveState.EXPLORATORY: '探索状态'>, 'energy': 1.5594801082246024}"
364,"{'iteration': 364, 'state': <CognitiveState.EXPLORATORY: '探索状态'>, 'energy': 1.1518055571409909}"
365,"{'iteration': 365, 'state': <CognitiveState.EXPLORATORY: '探索状态'>, 'energy': 1.5790546276993147}"
366,"{'iteration': 366, 'state': <CognitiveState.INSPIRED: '灵感状态'>, 'energy': 2.2139584277808426}"
367,"{'iteration': 367, 'state': <CognitiveState.FOCUSED: '专注状态'>, 'energy': 1.600820553539911}"
368,"{'iteration': 368, 'state': <CognitiveState.INSPIRED: '灵感状态'>, 'energy': 2.719459019536788}"
369,"{'iteration': 369, 'state': <CognitiveState.FOCUSED: '专注状态'>, 'energy': 2.0702532693828735}"
370,"{'iteration': 370, 'state': <CognitiveState.FOCUSED: '专注状态'>, 'energy': 1.9097348425159077}"
371,"{'iteration': 371, 'state': <CognitiveState.FOCUSED: '专注状态'>, 'energy': 2.156357495716107}"
372,"{'iteration': 372, 'state': <CognitiveState.INSPIRED: '灵感状态'>, 'energy': 2.5328671510981104}"
373,"{'iteration': 373, 'state': <CognitiveState.EXPLORATORY: '探索状态'>, 'energy': 1.6436462754086998}"
374,"{'iteration': 374, 'state': <CognitiveState.FOCUSED: '专注状态'>, 'energy': 1.8121926007627718}"
375,"{'iteration': 375, 'state': <CognitiveState.FATIGUED: '疲劳状态'>, 'energy': 0.9067268791014396}"
376,"{'iteration': 376, 'state': <CognitiveState.INSPIRED: '灵感状态'>, 'energy': 2.417216067971295}"
377,"{'iteration': 377, 'state': <CognitiveState.EXPLORATORY: '探索状态'>, 'energy': 1.2555269123608337}"
378,"{'iteration': 378, 'state': <CognitiveState.FOCUSED: '专注状态'>, 'energy': 1.8175377478789552}"
379,"{'iteration': 379, 'state': <CognitiveState.EXPLORATORY: '探索状态'>, 'energy': 1.5341699249496472}"
380,"{'iteration': 380, 'state': <CognitiveState.EXPLORATORY: '探索状态'>, 'energy': 1.1976389177329285}"
381,"{'iteration': 381, 'state': <CognitiveState.EXPLORATORY: '探索状态'>, 'energy': 1.616697203614832}"
382,"{'iteration': 382, 'state': <CognitiveState.EXPLORATORY: '探索状态'>, 'energy': 1.3401117596135876}"
383,"{'iteration': 383, 'state': <CognitiveState.FOCUSED: '专注状态'>, 'energy': 1.9543938048201195}"
384,"{'iteration': 384, 'state': <CognitiveState.EXPLORATORY: '探索状态'>, 'energy': 1.178587136269211}"
385,"{'iteration': 385, 'state': <CognitiveState.FOCUSED: '专注状态'>, 'energy': 1.784277315921731}"
386,"{'iteration': 386, 'state': <CognitiveState.FOCUSED: '专注状态'>, 'energy': 2.1229571908594633}"
387,"{'iteration': 387, 'state': <CognitiveState.EXPLORATORY: '探索状态'>, 'energy': 1.5615621409999318}"
388,"{'iteration': 388, 'state': <CognitiveState.FOCUSED: '专注状态'>, 'energy': 2.236903661516628}"
389,"{'iteration': 389, 'state': <CognitiveState.FOCUSED: '专注状态'>, 'energy': 2.124709926148742}"
390,"{'iteration': 390, 'state': <CognitiveState.FATIGUED: '疲劳状态'>, 'energy': 1.175850427867774}"
391,"{'iteration': 391, 'state': <CognitiveState.INSPIRED: '灵感状态'>, 'energy': 3.0}"
392,"{'iteration': 392, 'state': <CognitiveState.EXPLORATORY: '探索状态'>, 'energy': 1.6688455481624043}"
393,"{'iteration': 393, 'state': <CognitiveState.FOCUSED: '专注状态'>, 'energy': 2.3112834364240644}"
394,"{'iteration': 394, 'state': <CognitiveState.EXPLORATORY: '探索状态'>, 'energy': 1.6177439423661901}"
395,"{'iteration': 395, 'state': <CognitiveState.EXPLORATORY: '探索状态'>, 'energy': 1.2764517826688966}"
396,"{'iteration': 396, 'state': <CognitiveState.INSPIRED: '灵感状态'>, 'energy': 2.449134712406818}"
397,"{'iteration': 397, 'state': <CognitiveState.INSPIRED: '灵感状态'>, 'energy': 2.6102531663922495}"
398,"{'iteration': 398, 'state': <CognitiveState.EXPLORATORY: '探索状态'>, 'energy': 1.5001928867391103}"
399,"{'iteration': 399, 'state': <CognitiveState.FATIGUED: '疲劳状态'>, 'energy': 1.1495885472575207}"
400,"{'iteration': 400, 'state': <CognitiveState.EXPLORATORY: '探索状态'>, 'energy': 1.194977886335161}"
401,"{'iteration': 401, 'state': <CognitiveState.FOCUSED: '专注状态'>, 'energy': 2.02694290508492}"
402,"{'iteration': 402, 'state': <CognitiveState.FOCUSED: '专注状态'>, 'energy': 2.204441235307348}"
403,"{'iteration': 403, 'state': <CognitiveState.EXPLORATORY: '探索状态'>, 'energy': 1.310406507265208}"
404,"{'iteration': 404, 'state': <CognitiveState.EXPLORATORY: '探索状态'>, 'energy': 1.2717025275993192}"
405,"{'iteration': 405, 'state': <CognitiveState.FOCUSED: '专注状态'>, 'energy': 1.7455393694879637}"
406,"{'iteration': 406, 'state': <CognitiveState.FOCUSED: '专注状态'>, 'energy': 1.6249999978037}"
407,"{'iteration': 407, 'state': <CognitiveState.FOCUSED: '专注状态'>, 'energy': 1.9570682186879356}"
408,"{'iteration': 408, 'state': <CognitiveState.INSPIRED: '灵感状态'>, 'energy': 2.727811066974268}"
409,"{'iteration': 409, 'state': <CognitiveState.FOCUSED: '专注状态'>, 'energy': 1.900800770488722}"
410,"{'iteration': 410, 'state': <CognitiveState.INSPIRED: '灵感状态'>, 'energy': 2.7493155848896484}"
411,"{'iteration': 411, 'state': <CognitiveState.EXPLORATORY: '探索状态'>, 'energy': 1.3209796885044707}"
412,"{'iteration': 412, 'state': <CognitiveState.FOCUSED: '专注状态'>, 'energy': 2.2053264266751667}"
413,"{'iteration': 413, 'state': <CognitiveState.FOCUSED: '专注状态'>, 'energy': 1.9625709785395409}"
414,"{'iteration': 414, 'state': <CognitiveState.EXPLORATORY: '探索状态'>, 'energy': 1.3094700585542973}"
415,"{'iteration': 415, 'state': <CognitiveState.FATIGUED: '疲劳状态'>, 'energy': 0.9016265223351012}"
416,"{'iteration': 416, 'state': <CognitiveState.FOCUSED: '专注状态'>, 'energy': 1.6335957811115192}"
417,"{'iteration': 417, 'state': <CognitiveState.FOCUSED: '专注状态'>, 'energy': 2.146804684223352}"
418,"{'iteration': 418, 'state': <CognitiveState.FOCUSED: '专注状态'>, 'energy': 2.200700968931537}"
419,"{'iteration': 419, 'state': <CognitiveState.FATIGUED: '疲劳状态'>, 'energy': 1.0782607019556734}"
420,"{'iteration': 420, 'state': <CognitiveState.FOCUSED: '专注状态'>, 'energy': 1.7523649661490697}"
421,"{'iteration': 421, 'state': <CognitiveState.FATIGUED: '疲劳状态'>, 'energy': 0.918223041608481}"
422,"{'iteration': 422, 'state': <CognitiveState.EXPLORATORY: '探索状态'>, 'energy': 1.545369144335075}"
423,"{'iteration': 423, 'state': <CognitiveState.EXPLORATORY: '探索状态'>, 'energy': 1.450558915274649}"
424,"{'iteration': 424, 'state': <CognitiveState.FATIGUED: '疲劳状态'>, 'energy': 0.998141568573114}"
425,"{'iteration': 425, 'state': <CognitiveState.EXPLORATORY: '探索状态'>, 'energy': 1.3349250331555182}"
426,"{'iteration': 426, 'state': <CognitiveState.FOCUSED: '专注状态'>, 'energy': 1.7633089854515376}"
427,"{'iteration': 427, 'state': <CognitiveState.EXPLORATORY: '探索状态'>, 'energy': 1.3981488836955858}"
428,"{'iteration': 428, 'state': <CognitiveState.INSPIRED: '灵感状态'>, 'energy': 3.0}"
429,"{'iteration': 429, 'state': <CognitiveState.EXPLORATORY: '探索状态'>, 'energy': 1.2125621306216703}"
430,"{'iteration': 430, 'state': <CognitiveState.FATIGUED: '疲劳状态'>, 'energy': 0.9551329566590235}"
431,"{'iteration': 431, 'state': <CognitiveState.FATIGUED: '疲劳状态'>, 'energy': 0.9804219688924556}"
432,"{'iteration': 432, 'state': <CognitiveState.EXPLORATORY: '探索状态'>, 'energy': 1.1458494231000833}"
433,"{'iteration': 433, 'state': <CognitiveState.INSPIRED: '灵感状态'>, 'energy': 2.7862842785798847}"
434,"{'iteration': 434, 'state': <CognitiveState.FOCUSED: '专注状态'>, 'energy': 2.248034481710716}"
435,"{'iteration': 435, 'state': <CognitiveState.FOCUSED: '专注状态'>, 'energy': 2.3995044247939323}"
436,"{'iteration': 436, 'state': <CognitiveState.FOCUSED: '专注状态'>, 'energy': 1.6532830459572563}"
437,"{'iteration': 437, 'state': <CognitiveState.FOCUSED: '专注状态'>, 'energy': 2.165904164601541}"
438,"{'iteration': 438, 'state': <CognitiveState.INSPIRED: '灵感状态'>, 'energy': 2.888544775535297}"
439,"{'iteration': 439, 'state': <CognitiveState.FOCUSED: '专注状态'>, 'energy': 2.0200312004858403}"
440,"{'iteration': 440, 'state': <CognitiveState.EXPLORATORY: '探索状态'>, 'energy': 1.3351899068943525}"
441,"{'iteration': 441, 'state': <CognitiveState.FOCUSED: '专注状态'>, 'energy': 1.9576148462701202}"
442,"{'iteration': 442, 'state': <CognitiveState.EXPLORATORY: '探索状态'>, 'energy': 1.6570476539761876}"
443,"{'iteration': 443, 'state': <CognitiveState.EXPLORATORY: '探索状态'>, 'energy': 1.433256634350215}"
444,"{'iteration': 444, 'state': <CognitiveState.EXPLORATORY: '探索状态'>, 'energy': 1.3331653812726427}"
445,"{'iteration': 445, 'state': <CognitiveState.FOCUSED: '专注状态'>, 'energy': 2.1182633329841245}"
446,"{'iteration': 446, 'state': <CognitiveState.INSPIRED: '灵感状态'>, 'energy': 3.0}"
447,"{'iteration': 447, 'state': <CognitiveState.EXPLORATORY: '探索状态'>, 'energy': 1.2221059994906232}"
448,"{'iteration': 448, 'state': <CognitiveState.EXPLORATORY: '探索状态'>, 'energy': 1.4571507150379008}"
449,"{'iteration': 449, 'state': <CognitiveState.EXPLORATORY: '探索状态'>, 'energy': 1.2797236489943682}"
450,"{'iteration': 450, 'state': <CognitiveState.FOCUSED: '专注状态'>, 'energy': 2.2998858294884266}"
451,"{'iteration': 451, 'state': <CognitiveState.FOCUSED: '专注状态'>, 'energy': 1.8824171891849328}"
452,"{'iteration': 452, 'state': <CognitiveState.INSPIRED: '灵感状态'>, 'energy': 2.565743548638733}"
453,"{'iteration': 453, 'state': <CognitiveState.INSPIRED: '灵感状态'>, 'energy': 2.3613065847569095}"
454,"{'iteration': 454, 'state': <CognitiveState.FOCUSED: '专注状态'>, 'energy': 2.1845607938878686}"
455,"{'iteration': 455, 'state': <CognitiveState.EXPLORATORY: '探索状态'>, 'energy': 1.6087303988913457}"
456,"{'iteration': 456, 'state': <CognitiveState.EXPLORATORY: '探索状态'>, 'energy': 1.2689721212805907}"
457,"{'iteration': 457, 'state': <CognitiveState.FATIGUED: '疲劳状态'>, 'energy': 1.2694965311350375}"
458,"{'iteration': 458, 'state': <CognitiveState.FOCUSED: '专注状态'>, 'energy': 2.022441916496248}"
459,"{'iteration': 459, 'state': <CognitiveState.FOCUSED: '专注状态'>, 'energy': 2.282408115145744}"
460,"{'iteration': 460, 'state': <CognitiveState.INSPIRED: '灵感状态'>, 'energy': 2.212568642207808}"
461,"{'iteration': 461, 'state': <CognitiveState.FATIGUED: '疲劳状态'>, 'energy': 1.2702649460385937}"
462,"{'iteration': 462, 'state': <CognitiveState.FATIGUED: '疲劳状态'>, 'energy': 1.0951021096799243}"
463,"{'iteration': 463, 'state': <CognitiveState.INSPIRED: '灵感状态'>, 'energy': 2.2049325302858542}"
464,"{'iteration': 464, 'state': <CognitiveState.FATIGUED: '疲劳状态'>, 'energy': 1.2110264264453026}"
465,"{'iteration': 465, 'state': <CognitiveState.INSPIRED: '灵感状态'>, 'energy': 2.4049650881158904}"
466,"{'iteration': 466, 'state': <CognitiveState.FATIGUED: '疲劳状态'>, 'energy': 1.0503384526622825}"
467,"{'iteration': 467, 'state': <CognitiveState.EXPLORATORY: '探索状态'>, 'energy': 1.6170118671123217}"
468,"{'iteration': 468, 'state': <CognitiveState.EXPLORATORY: '探索状态'>, 'energy': 1.3623305457529997}"
469,"{'iteration': 469, 'state': <CognitiveState.FOCUSED: '专注状态'>, 'energy': 2.1779728049265006}"
470,"{'iteration': 470, 'state': <CognitiveState.FOCUSED: '专注状态'>, 'energy': 2.1472899416186895}"
471,"{'iteration': 471, 'state': <CognitiveState.EXPLORATORY: '探索状态'>, 'energy': 1.2450585515687957}"
472,"{'iteration': 472, 'state': <CognitiveState.INSPIRED: '灵感状态'>, 'energy': 2.5862126985791054}"
473,"{'iteration': 473, 'state': <CognitiveState.FOCUSED: '专注状态'>, 'energy': 1.9959692563344564}"
474,"{'iteration': 474, 'state': <CognitiveState.EXPLORATORY: '探索状态'>, 'energy': 1.6745804153169708}"
475,"{'iteration': 475, 'state': <CognitiveState.INSPIRED: '灵感状态'>, 'energy': 2.7061446969853296}"
476,"{'iteration': 476, 'state': <CognitiveState.INSPIRED: '灵感状态'>, 'energy': 2.7257439269807757}"
477,"{'iteration': 477, 'state': <CognitiveState.EXPLORATORY: '探索状态'>, 'energy': 1.355322355101564}"
478,"{'iteration': 478, 'state': <CognitiveState.EXPLORATORY: '探索状态'>, 'energy': 1.355322355101564}"
479,"{'iteration': 479, 'state': <CognitiveState.EXPLORATORY: '探索状态'>, 'energy': 1.3701633137462403}"
480,"{'iteration': 480, 'state': <CognitiveState.FATIGUED: '疲劳状态'>, 'energy': 1.0874699902893112}"
481,"{'iteration': 481, 'state': <CognitiveState.EXPLORATORY: '探索状态'>, 'energy': 1.2316477519309208}"
482,"{'iteration': 482, 'state': <CognitiveState.FOCUSED: '专注状态'>, 'energy': 1.609544140505751}"
483,"{'iteration': 483, 'state': <CognitiveState.FOCUSED: '专注状态'>, 'energy': 2.112325784565039}"
484,"{'iteration': 484, 'state': <CognitiveState.EXPLORATORY: '探索状态'>, 'energy': 1.1391012108954157}"
485,"{'iteration': 485, 'state': <CognitiveState.INSPIRED: '灵感状态'>, 'energy': 2.69706885761611}"
486,"{'iteration': 486, 'state': <CognitiveState.EXPLORATORY: '探索状态'>, 'energy': 1.113501869631216}"
487,"{'iteration': 487, 'state': <CognitiveState.EXPLORATORY: '探索状态'>, 'energy': 1.2678679630013951}"
488,"{'iteration': 488, 'state': <CognitiveState.FOCUSED: '专注状态'>, 'energy': 1.8008777121881734}"
489,"{'iteration': 489, 'state': <CognitiveState.EXPLORATORY: '探索状态'>, 'energy': 1.387968781952297}"
490,"{'iteration': 490, 'state': <CognitiveState.FOCUSED: '专注状态'>, 'energy': 2.241023801756742}"
491,"{'iteration': 491, 'state': <CognitiveState.EXPLORATORY: '探索状态'>, 'energy': 1.519041231213862}"
492,"{'iteration': 492, 'state': <CognitiveState.INSPIRED: '灵感状态'>, 'energy': 3.0}"
493,"{'iteration': 493, 'state': <CognitiveState.FOCUSED: '专注状态'>, 'energy': 2.026418422267679}"
494,"{'iteration': 494, 'state': <CognitiveState.FOCUSED: '专注状态'>, 'energy': 2.178671463689494}"
495,"{'iteration': 495, 'state': <CognitiveState.INSPIRED: '灵感状态'>, 'energy': 2.401157567812632}"
496,"{'iteration': 496, 'state': <CognitiveState.INSPIRED: '灵感状态'>, 'energy': 2.4445672923217865}"
497,"{'iteration': 497, 'state': <CognitiveState.FOCUSED: '专注状态'>, 'energy': 1.7000636163669816}"
498,"{'iteration': 498, 'state': <CognitiveState.EXPLORATORY: '探索状态'>, 'energy': 1.2423257182628034}"
499,"{'iteration': 499, 'state': <CognitiveState.INSPIRED: '灵感状态'>, 'energy': 3.0}"
500,"{'iteration': 500, 'state': <CognitiveState.EXPLORATORY: '探索状态'>, 'energy': 1.1454752831274253}"
501,"{'iteration': 501, 'state': <CognitiveState.FOCUSED: '专注状态'>, 'energy': 1.6892868564431125}"
502,"{'iteration': 502, 'state': <CognitiveState.FATIGUED: '疲劳状态'>, 'energy': 1.1441632992743453}"
503,"{'iteration': 503, 'state': <CognitiveState.EXPLORATORY: '探索状态'>, 'energy': 1.2922612472933452}"
504,"{'iteration': 504, 'state': <CognitiveState.EXPLORATORY: '探索状态'>, 'energy': 1.4786967199139986}"
505,"{'iteration': 505, 'state': <CognitiveState.INSPIRED: '灵感状态'>, 'energy': 2.427944748055734}"
506,"{'iteration': 506, 'state': <CognitiveState.FATIGUED: '疲劳状态'>, 'energy': 1.1972300766117314}"
507,"{'iteration': 507, 'state': <CognitiveState.FOCUSED: '专注状态'>, 'energy': 1.775674629366746}"
508,"{'iteration': 508, 'state': <CognitiveState.INSPIRED: '灵感状态'>, 'energy': 3.0}"
509,"{'iteration': 509, 'state': <CognitiveState.EXPLORATORY: '探索状态'>, 'energy': 1.401057188513179}"
510,"{'iteration': 510, 'state': <CognitiveState.FOCUSED: '专注状态'>, 'energy': 2.123082073662706}"
511,"{'iteration': 511, 'state': <CognitiveState.INSPIRED: '灵感状态'>, 'energy': 2.391769491576419}"
512,"{'iteration': 512, 'state': <CognitiveState.FOCUSED: '专注状态'>, 'energy': 1.6584455391247543}"
513,"{'iteration': 513, 'state': <CognitiveState.INSPIRED: '灵感状态'>, 'energy': 2.52073849060055}"
514,"{'iteration': 514, 'state': <CognitiveState.FOCUSED: '专注状态'>, 'energy': 1.8251309361633694}"
515,"{'iteration': 515, 'state': <CognitiveState.EXPLORATORY: '探索状态'>, 'energy': 1.6732579052564405}"
516,"{'iteration': 516, 'state': <CognitiveState.INSPIRED: '灵感状态'>, 'energy': 2.4825098046520555}"
517,"{'iteration': 517, 'state': <CognitiveState.EXPLORATORY: '探索状态'>, 'energy': 1.5338320568191537}"
518,"{'iteration': 518, 'state': <CognitiveState.INSPIRED: '灵感状态'>, 'energy': 2.9811900351659077}"
519,"{'iteration': 519, 'state': <CognitiveState.EXPLORATORY: '探索状态'>, 'energy': 1.2187139263077953}"
520,"{'iteration': 520, 'state': <CognitiveState.INSPIRED: '灵感状态'>, 'energy': 2.6927728272037235}"
521,"{'iteration': 521, 'state': <CognitiveState.FOCUSED: '专注状态'>, 'energy': 2.100371544892295}"
522,"{'iteration': 522, 'state': <CognitiveState.FOCUSED: '专注状态'>, 'energy': 1.7093895734888502}"
523,"{'iteration': 523, 'state': <CognitiveState.EXPLORATORY: '探索状态'>, 'energy': 1.4943109174560796}"
524,"{'iteration': 524, 'state': <CognitiveState.EXPLORATORY: '探索状态'>, 'energy': 1.5039612734936976}"
525,"{'iteration': 525, 'state': <CognitiveState.INSPIRED: '灵感状态'>, 'energy': 3.0}"
526,"{'iteration': 526, 'state': <CognitiveState.INSPIRED: '灵感状态'>, 'energy': 2.5403952710784523}"
527,"{'iteration': 527, 'state': <CognitiveState.EXPLORATORY: '探索状态'>, 'energy': 1.6324883315312895}"
528,"{'iteration': 528, 'state': <CognitiveState.FOCUSED: '专注状态'>, 'energy': 1.7723554296611266}"
529,"{'iteration': 529, 'state': <CognitiveState.FOCUSED: '专注状态'>, 'energy': 2.341169124930575}"
530,"{'iteration': 530, 'state': <CognitiveState.EXPLORATORY: '探索状态'>, 'energy': 1.342127292987365}"
531,"{'iteration': 531, 'state': <CognitiveState.INSPIRED: '灵感状态'>, 'energy': 3.0}"
532,"{'iteration': 532, 'state': <CognitiveState.FOCUSED: '专注状态'>, 'energy': 1.618119132407478}"
533,"{'iteration': 533, 'state': <CognitiveState.FOCUSED: '专注状态'>, 'energy': 2.074422389046297}"
534,"{'iteration': 534, 'state': <CognitiveState.FOCUSED: '专注状态'>, 'energy': 1.9849752738600923}"
535,"{'iteration': 535, 'state': <CognitiveState.EXPLORATORY: '探索状态'>, 'energy': 1.4079651033385123}"
536,"{'iteration': 536, 'state': <CognitiveState.FATIGUED: '疲劳状态'>, 'energy': 1.2157335119858232}"
537,"{'iteration': 537, 'state': <CognitiveState.EXPLORATORY: '探索状态'>, 'energy': 1.1054984001322723}"
538,"{'iteration': 538, 'state': <CognitiveState.FOCUSED: '专注状态'>, 'energy': 2.3580749230370905}"
539,"{'iteration': 539, 'state': <CognitiveState.FOCUSED: '专注状态'>, 'energy': 2.2605988129385457}"
540,"{'iteration': 540, 'state': <CognitiveState.INSPIRED: '灵感状态'>, 'energy': 2.451831046339672}"
541,"{'iteration': 541, 'state': <CognitiveState.FOCUSED: '专注状态'>, 'energy': 2.1661731576645322}"
542,"{'iteration': 542, 'state': <CognitiveState.FOCUSED: '专注状态'>, 'energy': 2.2918100496284035}"
543,"{'iteration': 543, 'state': <CognitiveState.FOCUSED: '专注状态'>, 'energy': 1.656730745225373}"
544,"{'iteration': 544, 'state': <CognitiveState.FOCUSED: '专注状态'>, 'energy': 1.6752998036774163}"
545,"{'iteration': 545, 'state': <CognitiveState.FOCUSED: '专注状态'>, 'energy': 2.396792334210871}"
546,"{'iteration': 546, 'state': <CognitiveState.FATIGUED: '疲劳状态'>, 'energy': 1.0217204297949665}"
547,"{'iteration': 547, 'state': <CognitiveState.FOCUSED: '专注状态'>, 'energy': 1.7404734066892296}"
548,"{'iteration': 548, 'state': <CognitiveState.EXPLORATORY: '探索状态'>, 'energy': 1.1806901795262854}"
549,"{'iteration': 549, 'state': <CognitiveState.EXPLORATORY: '探索状态'>, 'energy': 1.341747683360075}"
550,"{'iteration': 550, 'state': <CognitiveState.FOCUSED: '专注状态'>, 'energy': 2.1791475520754955}"
551,"{'iteration': 551, 'state': <CognitiveState.FATIGUED: '疲劳状态'>, 'energy': 0.9567121013128135}"
552,"{'iteration': 552, 'state': <CognitiveState.INSPIRED: '灵感状态'>, 'energy': 3.0}"
553,"{'iteration': 553, 'state': <CognitiveState.INSPIRED: '灵感状态'>, 'energy': 2.5688499701706253}"
554,"{'iteration': 554, 'state': <CognitiveState.EXPLORATORY: '探索状态'>, 'energy': 1.4367231513065664}"
555,"{'iteration': 555, 'state': <CognitiveState.FOCUSED: '专注状态'>, 'energy': 1.7196642840591585}"
556,"{'iteration': 556, 'state': <CognitiveState.FOCUSED: '专注状态'>, 'energy': 1.6370383394600172}"
557,"{'iteration': 557, 'state': <CognitiveState.EXPLORATORY: '探索状态'>, 'energy': 1.6912788532390761}"
558,"{'iteration': 558, 'state': <CognitiveState.INSPIRED: '灵感状态'>, 'energy': 2.510549268992423}"
559,"{'iteration': 559, 'state': <CognitiveState.EXPLORATORY: '探索状态'>, 'energy': 1.185117627056433}"
560,"{'iteration': 560, 'state': <CognitiveState.EXPLORATORY: '探索状态'>, 'energy': 1.2043164864165232}"
561,"{'iteration': 561, 'state': <CognitiveState.FATIGUED: '疲劳状态'>, 'energy': 1.1439513522724658}"
562,"{'iteration': 562, 'state': <CognitiveState.FATIGUED: '疲劳状态'>, 'energy': 0.9027191607310944}"
563,"{'iteration': 563, 'state': <CognitiveState.FATIGUED: '疲劳状态'>, 'energy': 1.0926776025041411}"
564,"{'iteration': 564, 'state': <CognitiveState.FOCUSED: '专注状态'>, 'energy': 1.674257355896114}"
565,"{'iteration': 565, 'state': <CognitiveState.FOCUSED: '专注状态'>, 'energy': 1.76910199213951}"
566,"{'iteration': 566, 'state': <CognitiveState.EXPLORATORY: '探索状态'>, 'energy': 1.3010542021590035}"
567,"{'iteration': 567, 'state': <CognitiveState.INSPIRED: '灵感状态'>, 'energy': 2.2290299132692857}"
568,"{'iteration': 568, 'state': <CognitiveState.INSPIRED: '灵感状态'>, 'energy': 2.400234748232055}"
569,"{'iteration': 569, 'state': <CognitiveState.EXPLORATORY: '探索状态'>, 'energy': 1.4914237388547995}"
570,"{'iteration': 570, 'state': <CognitiveState.FATIGUED: '疲劳状态'>, 'energy': 1.111354480237043}"
571,"{'iteration': 571, 'state': <CognitiveState.INSPIRED: '灵感状态'>, 'energy': 3.0}"
572,"{'iteration': 572, 'state': <CognitiveState.EXPLORATORY: '探索状态'>, 'energy': 1.3650702200647409}"
573,"{'iteration': 573, 'state': <CognitiveState.FATIGUED: '疲劳状态'>, 'energy': 1.1238756734918989}"
574,"{'iteration': 574, 'state': <CognitiveState.EXPLORATORY: '探索状态'>, 'energy': 1.6726919041265997}"
575,"{'iteration': 575, 'state': <CognitiveState.INSPIRED: '灵感状态'>, 'energy': 2.9711855293398632}"
576,"{'iteration': 576, 'state': <CognitiveState.INSPIRED: '灵感状态'>, 'energy': 3.0}"
577,"{'iteration': 577, 'state': <CognitiveState.FOCUSED: '专注状态'>, 'energy': 2.053942295446395}"
578,"{'iteration': 578, 'state': <CognitiveState.FOCUSED: '专注状态'>, 'energy': 1.6409155150396413}"
579,"{'iteration': 579, 'state': <CognitiveState.INSPIRED: '灵感状态'>, 'energy': 3.0}"
580,"{'iteration': 580, 'state': <CognitiveState.EXPLORATORY: '探索状态'>, 'energy': 1.5934537814054885}"
581,"{'iteration': 581, 'state': <CognitiveState.FOCUSED: '专注状态'>, 'energy': 1.9314772649790428}"
582,"{'iteration': 582, 'state': <CognitiveState.FOCUSED: '专注状态'>, 'energy': 1.7401203098179263}"
583,"{'iteration': 583, 'state': <CognitiveState.FOCUSED: '专注状态'>, 'energy': 1.6501379990324236}"
584,"{'iteration': 584, 'state': <CognitiveState.INSPIRED: '灵感状态'>, 'energy': 2.353690678614306}"
585,"{'iteration': 585, 'state': <CognitiveState.EXPLORATORY: '探索状态'>, 'energy': 1.3486991912278026}"
586,"{'iteration': 586, 'state': <CognitiveState.FATIGUED: '疲劳状态'>, 'energy': 0.971619925120907}"
587,"{'iteration': 587, 'state': <CognitiveState.FOCUSED: '专注状态'>, 'energy': 1.6093247857052158}"
588,"{'iteration': 588, 'state': <CognitiveState.FOCUSED: '专注状态'>, 'energy': 1.683506322305119}"
589,"{'iteration': 589, 'state': <CognitiveState.EXPLORATORY: '探索状态'>, 'energy': 1.667083667313039}"
590,"{'iteration': 590, 'state': <CognitiveState.INSPIRED: '灵感状态'>, 'energy': 2.4601387284546363}"
591,"{'iteration': 591, 'state': <CognitiveState.FOCUSED: '专注状态'>, 'energy': 2.396438191369819}"
592,"{'iteration': 592, 'state': <CognitiveState.INSPIRED: '灵感状态'>, 'energy': 2.840748155797521}"
593,"{'iteration': 593, 'state': <CognitiveState.FOCUSED: '专注状态'>, 'energy': 1.6055559989495718}"
594,"{'iteration': 594, 'state': <CognitiveState.INSPIRED: '灵感状态'>, 'energy': 2.8364045284726696}"
595,"{'iteration': 595, 'state': <CognitiveState.INSPIRED: '灵感状态'>, 'energy': 2.710515003378193}"
596,"{'iteration': 596, 'state': <CognitiveState.FOCUSED: '专注状态'>, 'energy': 1.9123325780265101}"
597,"{'iteration': 597, 'state': <CognitiveState.EXPLORATORY: '探索状态'>, 'energy': 1.2986249504092613}"
598,"{'iteration': 598, 'state': <CognitiveState.EXPLORATORY: '探索状态'>, 'energy': 1.4247386567588634}"
599,"{'iteration': 599, 'state': <CognitiveState.EXPLORATORY: '探索状态'>, 'energy': 1.3270325731886794}"
600,"{'iteration': 600, 'state': <CognitiveState.EXPLORATORY: '探索状态'>, 'energy': 1.3940749539126234}"
601,"{'iteration': 601, 'state': <CognitiveState.FOCUSED: '专注状态'>, 'energy': 2.3553555380548943}"
602,"{'iteration': 602, 'state': <CognitiveState.INSPIRED: '灵感状态'>, 'energy': 3.0}"
603,"{'iteration': 603, 'state': <CognitiveState.FOCUSED: '专注状态'>, 'energy': 2.346108968019184}"
604,"{'iteration': 604, 'state': <CognitiveState.EXPLORATORY: '探索状态'>, 'energy': 1.2507218020431652}"
605,"{'iteration': 605, 'state': <CognitiveState.INSPIRED: '灵感状态'>, 'energy': 2.244673721963867}"
606,"{'iteration': 606, 'state': <CognitiveState.FOCUSED: '专注状态'>, 'energy': 1.9843100394196571}"
607,"{'iteration': 607, 'state': <CognitiveState.FOCUSED: '专注状态'>, 'energy': 1.884185413729741}"
608,"{'iteration': 608, 'state': <CognitiveState.FOCUSED: '专注状态'>, 'energy': 1.6333388455781466}"
609,"{'iteration': 609, 'state': <CognitiveState.FOCUSED: '专注状态'>, 'energy': 2.0459342952566386}"
610,"{'iteration': 610, 'state': <CognitiveState.FOCUSED: '专注状态'>, 'energy': 2.3429947478666193}"
611,"{'iteration': 611, 'state': <CognitiveState.EXPLORATORY: '探索状态'>, 'energy': 1.4235784678634533}"
612,"{'iteration': 612, 'state': <CognitiveState.INSPIRED: '灵感状态'>, 'energy': 2.721302338895264}"
613,"{'iteration': 613, 'state': <CognitiveState.FOCUSED: '专注状态'>, 'energy': 1.7498246554122066}"
614,"{'iteration': 614, 'state': <CognitiveState.INSPIRED: '灵感状态'>, 'energy': 2.546191369028408}"
615,"{'iteration': 615, 'state': <CognitiveState.FOCUSED: '专注状态'>, 'energy': 2.3341756003723884}"
616,"{'iteration': 616, 'state': <CognitiveState.EXPLORATORY: '探索状态'>, 'energy': 1.6791583176325737}"
617,"{'iteration': 617, 'state': <CognitiveState.FOCUSED: '专注状态'>, 'energy': 2.061005154466213}"
618,"{'iteration': 618, 'state': <CognitiveState.FOCUSED: '专注状态'>, 'energy': 2.0198826545757402}"
619,"{'iteration': 619, 'state': <CognitiveState.FATIGUED: '疲劳状态'>, 'energy': 1.2233321153904329}"
620,"{'iteration': 620, 'state': <CognitiveState.EXPLORATORY: '探索状态'>, 'energy': 1.107199978261647}"
621,"{'iteration': 621, 'state': <CognitiveState.EXPLORATORY: '探索状态'>, 'energy': 1.4611244518502586}"
622,"{'iteration': 622, 'state': <CognitiveState.FATIGUED: '疲劳状态'>, 'energy': 1.121648061075662}"
623,"{'iteration': 623, 'state': <CognitiveState.FOCUSED: '专注状态'>, 'energy': 2.052971195960569}"
624,"{'iteration': 624, 'state': <CognitiveState.INSPIRED: '灵感状态'>, 'energy': 3.0}"
625,"{'iteration': 625, 'state': <CognitiveState.EXPLORATORY: '探索状态'>, 'energy': 1.3180460201604973}"
626,"{'iteration': 626, 'state': <CognitiveState.EXPLORATORY: '探索状态'>, 'energy': 1.5178144398400688}"
627,"{'iteration': 627, 'state': <CognitiveState.FOCUSED: '专注状态'>, 'energy': 2.2195558047769497}"
628,"{'iteration': 628, 'state': <CognitiveState.FATIGUED: '疲劳状态'>, 'energy': 1.25577987009718}"
629,"{'iteration': 629, 'state': <CognitiveState.EXPLORATORY: '探索状态'>, 'energy': 1.188402045170524}"
630,"{'iteration': 630, 'state': <CognitiveState.FOCUSED: '专注状态'>, 'energy': 1.7872722642355696}"
631,"{'iteration': 631, 'state': <CognitiveState.INSPIRED: '灵感状态'>, 'energy': 3.0}"
632,"{'iteration': 632, 'state': <CognitiveState.FOCUSED: '专注状态'>, 'energy': 1.7108833436341777}"
633,"{'iteration': 633, 'state': <CognitiveState.INSPIRED: '灵感状态'>, 'energy': 2.3304936773726306}"
634,"{'iteration': 634, 'state': <CognitiveState.EXPLORATORY: '探索状态'>, 'energy': 1.4178790579264937}"
635,"{'iteration': 635, 'state': <CognitiveState.FOCUSED: '专注状态'>, 'energy': 1.7580126650942087}"
636,"{'iteration': 636, 'state': <CognitiveState.INSPIRED: '灵感状态'>, 'energy': 2.546469967027795}"
637,"{'iteration': 637, 'state': <CognitiveState.INSPIRED: '灵感状态'>, 'energy': 2.7593560756992024}"
638,"{'iteration': 638, 'state': <CognitiveState.FOCUSED: '专注状态'>, 'energy': 1.8849367430896637}"
639,"{'iteration': 639, 'state': <CognitiveState.INSPIRED: '灵感状态'>, 'energy': 3.0}"
640,"{'iteration': 640, 'state': <CognitiveState.FOCUSED: '专注状态'>, 'energy': 2.0560448960925024}"
641,"{'iteration': 641, 'state': <CognitiveState.FOCUSED: '专注状态'>, 'energy': 1.788653455992631}"
642,"{'iteration': 642, 'state': <CognitiveState.EXPLORATORY: '探索状态'>, 'energy': 1.1124747245112903}"
643,"{'iteration': 643, 'state': <CognitiveState.FATIGUED: '疲劳状态'>, 'energy': 1.0070222536792606}"
644,"{'iteration': 644, 'state': <CognitiveState.FOCUSED: '专注状态'>, 'energy': 2.2462811285291995}"
645,"{'iteration': 645, 'state': <CognitiveState.INSPIRED: '灵感状态'>, 'energy': 2.4244448340935025}"
646,"{'iteration': 646, 'state': <CognitiveState.FOCUSED: '专注状态'>, 'energy': 2.313206345438778}"
647,"{'iteration': 647, 'state': <CognitiveState.EXPLORATORY: '探索状态'>, 'energy': 1.1258274477214798}"
648,"{'iteration': 648, 'state': <CognitiveState.FATIGUED: '疲劳状态'>, 'energy': 1.0173862177959743}"
649,"{'iteration': 649, 'state': <CognitiveState.EXPLORATORY: '探索状态'>, 'energy': 1.6680590003174194}"
650,"{'iteration': 650, 'state': <CognitiveState.FOCUSED: '专注状态'>, 'energy': 2.336110819304357}"
651,"{'iteration': 651, 'state': <CognitiveState.EXPLORATORY: '探索状态'>, 'energy': 1.6462081134142195}"
652,"{'iteration': 652, 'state': <CognitiveState.FATIGUED: '疲劳状态'>, 'energy': 0.9940946183261934}"
653,"{'iteration': 653, 'state': <CognitiveState.FOCUSED: '专注状态'>, 'energy': 1.8972484712969044}"
654,"{'iteration': 654, 'state': <CognitiveState.FOCUSED: '专注状态'>, 'energy': 2.0438064630178934}"
655,"{'iteration': 655, 'state': <CognitiveState.FATIGUED: '疲劳状态'>, 'energy': 0.9328120098965567}"
656,"{'iteration': 656, 'state': <CognitiveState.EXPLORATORY: '探索状态'>, 'energy': 1.3859057553881184}"
657,"{'iteration': 657, 'state': <CognitiveState.EXPLORATORY: '探索状态'>, 'energy': 1.2385303062528523}"
658,"{'iteration': 658, 'state': <CognitiveState.FOCUSED: '专注状态'>, 'energy': 1.8312954117749651}"
659,"{'iteration': 659, 'state': <CognitiveState.INSPIRED: '灵感状态'>, 'energy': 2.913430720873408}"
660,"{'iteration': 660, 'state': <CognitiveState.FOCUSED: '专注状态'>, 'energy': 1.869575042464677}"
661,"{'iteration': 661, 'state': <CognitiveState.INSPIRED: '灵感状态'>, 'energy': 2.9349526573474645}"
662,"{'iteration': 662, 'state': <CognitiveState.EXPLORATORY: '探索状态'>, 'energy': 1.1816575997631495}"
663,"{'iteration': 663, 'state': <CognitiveState.INSPIRED: '灵感状态'>, 'energy': 2.878307953981586}"
664,"{'iteration': 664, 'state': <CognitiveState.FOCUSED: '专注状态'>, 'energy': 2.1500681798961616}"
665,"{'iteration': 665, 'state': <CognitiveState.EXPLORATORY: '探索状态'>, 'energy': 1.244005989381702}"
666,"{'iteration': 666, 'state': <CognitiveState.FOCUSED: '专注状态'>, 'energy': 2.155000958651757}"
667,"{'iteration': 667, 'state': <CognitiveState.EXPLORATORY: '探索状态'>, 'energy': 1.3074449161825126}"
668,"{'iteration': 668, 'state': <CognitiveState.FOCUSED: '专注状态'>, 'energy': 2.196157239068169}"
669,"{'iteration': 669, 'state': <CognitiveState.FOCUSED: '专注状态'>, 'energy': 2.288841608735974}"
670,"{'iteration': 670, 'state': <CognitiveState.FOCUSED: '专注状态'>, 'energy': 2.274667060335031}"
671,"{'iteration': 671, 'state': <CognitiveState.EXPLORATORY: '探索状态'>, 'energy': 1.2807790761216515}"
672,"{'iteration': 672, 'state': <CognitiveState.FATIGUED: '疲劳状态'>, 'energy': 0.9720544330535205}"
673,"{'iteration': 673, 'state': <CognitiveState.EXPLORATORY: '探索状态'>, 'energy': 1.203640790742117}"
674,"{'iteration': 674, 'state': <CognitiveState.EXPLORATORY: '探索状态'>, 'energy': 1.6216751265387193}"
675,"{'iteration': 675, 'state': <CognitiveState.INSPIRED: '灵感状态'>, 'energy': 2.6321546154786226}"
676,"{'iteration': 676, 'state': <CognitiveState.INSPIRED: '灵感状态'>, 'energy': 3.0}"
677,"{'iteration': 677, 'state': <CognitiveState.EXPLORATORY: '探索状态'>, 'energy': 1.3893807478854423}"
678,"{'iteration': 678, 'state': <CognitiveState.FOCUSED: '专注状态'>, 'energy': 2.3943135893250895}"
679,"{'iteration': 679, 'state': <CognitiveState.EXPLORATORY: '探索状态'>, 'energy': 1.6354154064383672}"
680,"{'iteration': 680, 'state': <CognitiveState.FOCUSED: '专注状态'>, 'energy': 1.6424955370937964}"
681,"{'iteration': 681, 'state': <CognitiveState.EXPLORATORY: '探索状态'>, 'energy': 1.335065992465647}"
682,"{'iteration': 682, 'state': <CognitiveState.INSPIRED: '灵感状态'>, 'energy': 2.24921023356372}"
683,"{'iteration': 683, 'state': <CognitiveState.INSPIRED: '灵感状态'>, 'energy': 3.0}"
684,"{'iteration': 684, 'state': <CognitiveState.EXPLORATORY: '探索状态'>, 'energy': 1.2976884839604}"
685,"{'iteration': 685, 'state': <CognitiveState.INSPIRED: '灵感状态'>, 'energy': 2.892158987358511}"
686,"{'iteration': 686, 'state': <CognitiveState.FOCUSED: '专注状态'>, 'energy': 1.7470202496590979}"
687,"{'iteration': 687, 'state': <CognitiveState.EXPLORATORY: '探索状态'>, 'energy': 1.202309914243016}"
688,"{'iteration': 688, 'state': <CognitiveState.FOCUSED: '专注状态'>, 'energy': 1.9696562109235096}"
689,"{'iteration': 689, 'state': <CognitiveState.EXPLORATORY: '探索状态'>, 'energy': 1.5101639867363945}"
690,"{'iteration': 690, 'state': <CognitiveState.FATIGUED: '疲劳状态'>, 'energy': 1.0095396250378974}"
691,"{'iteration': 691, 'state': <CognitiveState.FOCUSED: '专注状态'>, 'energy': 1.9801226200981437}"
692,"{'iteration': 692, 'state': <CognitiveState.INSPIRED: '灵感状态'>, 'energy': 2.669138665809093}"
693,"{'iteration': 693, 'state': <CognitiveState.FOCUSED: '专注状态'>, 'energy': 1.801802923900624}"
694,"{'iteration': 694, 'state': <CognitiveState.FOCUSED: '专注状态'>, 'energy': 2.1861223563054586}"
695,"{'iteration': 695, 'state': <CognitiveState.FOCUSED: '专注状态'>, 'energy': 1.7928796327442298}"
696,"{'iteration': 696, 'state': <CognitiveState.FOCUSED: '专注状态'>, 'energy': 2.009000648148112}"
697,"{'iteration': 697, 'state': <CognitiveState.INSPIRED: '灵感状态'>, 'energy': 2.6068472779883187}"
698,"{'iteration': 698, 'state': <CognitiveState.EXPLORATORY: '探索状态'>, 'energy': 1.246282225688054}"
699,"{'iteration': 699, 'state': <CognitiveState.FOCUSED: '专注状态'>, 'energy': 2.335995610928189}"
700,"{'iteration': 700, 'state': <CognitiveState.FATIGUED: '疲劳状态'>, 'energy': 1.1874865940252037}"
701,"{'iteration': 701, 'state': <CognitiveState.FOCUSED: '专注状态'>, 'energy': 2.231614806776737}"
702,"{'iteration': 702, 'state': <CognitiveState.INSPIRED: '灵感状态'>, 'energy': 2.587457593901761}"
703,"{'iteration': 703, 'state': <CognitiveState.INSPIRED: '灵感状态'>, 'energy': 2.3820545904872903}"
704,"{'iteration': 704, 'state': <CognitiveState.EXPLORATORY: '探索状态'>, 'energy': 1.6393874831553403}"
705,"{'iteration': 705, 'state': <CognitiveState.EXPLORATORY: '探索状态'>, 'energy': 1.295192616277172}"
706,"{'iteration': 706, 'state': <CognitiveState.EXPLORATORY: '探索状态'>, 'energy': 1.4168504243941487}"
707,"{'iteration': 707, 'state': <CognitiveState.INSPIRED: '灵感状态'>, 'energy': 2.9405843941732894}"
708,"{'iteration': 708, 'state': <CognitiveState.FOCUSED: '专注状态'>, 'energy': 1.7784723664071174}"
709,"{'iteration': 709, 'state': <CognitiveState.FOCUSED: '专注状态'>, 'energy': 2.2578132932341948}"
710,"{'iteration': 710, 'state': <CognitiveState.FOCUSED: '专注状态'>, 'energy': 1.6813744883089476}"
711,"{'iteration': 711, 'state': <CognitiveState.FOCUSED: '专注状态'>, 'energy': 1.6752055623659832}"
712,"{'iteration': 712, 'state': <CognitiveState.FOCUSED: '专注状态'>, 'energy': 2.24197179098901}"
713,"{'iteration': 713, 'state': <CognitiveState.FOCUSED: '专注状态'>, 'energy': 2.2393369987749545}"
714,"{'iteration': 714, 'state': <CognitiveState.FOCUSED: '专注状态'>, 'energy': 2.0995350066738325}"
715,"{'iteration': 715, 'state': <CognitiveState.FATIGUED: '疲劳状态'>, 'energy': 1.2917442472245713}"
716,"{'iteration': 716, 'state': <CognitiveState.FOCUSED: '专注状态'>, 'energy': 1.6427998212334984}"
717,"{'iteration': 717, 'state': <CognitiveState.INSPIRED: '灵感状态'>, 'energy': 2.274771113095456}"
718,"{'iteration': 718, 'state': <CognitiveState.FOCUSED: '专注状态'>, 'energy': 1.6077331900794327}"
719,"{'iteration': 719, 'state': <CognitiveState.FATIGUED: '疲劳状态'>, 'energy': 1.0421500285991476}"
720,"{'iteration': 720, 'state': <CognitiveState.FOCUSED: '专注状态'>, 'energy': 2.2170713777670836}"
721,"{'iteration': 721, 'state': <CognitiveState.FOCUSED: '专注状态'>, 'energy': 1.7413462838033955}"
722,"{'iteration': 722, 'state': <CognitiveState.INSPIRED: '灵感状态'>, 'energy': 2.517915325179429}"
723,"{'iteration': 723, 'state': <CognitiveState.FATIGUED: '疲劳状态'>, 'energy': 1.2326125426579144}"
724,"{'iteration': 724, 'state': <CognitiveState.EXPLORATORY: '探索状态'>, 'energy': 1.459540311732866}"
725,"{'iteration': 725, 'state': <CognitiveState.FATIGUED: '疲劳状态'>, 'energy': 1.1731941389717477}"
726,"{'iteration': 726, 'state': <CognitiveState.EXPLORATORY: '探索状态'>, 'energy': 1.576957917342304}"
727,"{'iteration': 727, 'state': <CognitiveState.EXPLORATORY: '探索状态'>, 'energy': 1.5318475095825357}"
728,"{'iteration': 728, 'state': <CognitiveState.FOCUSED: '专注状态'>, 'energy': 1.8479063539745535}"
729,"{'iteration': 729, 'state': <CognitiveState.EXPLORATORY: '探索状态'>, 'energy': 1.5278659551590044}"
730,"{'iteration': 730, 'state': <CognitiveState.EXPLORATORY: '探索状态'>, 'energy': 1.2395382620554884}"
731,"{'iteration': 731, 'state': <CognitiveState.INSPIRED: '灵感状态'>, 'energy': 3.0}"
732,"{'iteration': 732, 'state': <CognitiveState.FOCUSED: '专注状态'>, 'energy': 1.602961559651531}"
733,"{'iteration': 733, 'state': <CognitiveState.FOCUSED: '专注状态'>, 'energy': 2.334066297119158}"
734,"{'iteration': 734, 'state': <CognitiveState.FOCUSED: '专注状态'>, 'energy': 2.3556531482070944}"
735,"{'iteration': 735, 'state': <CognitiveState.INSPIRED: '灵感状态'>, 'energy': 2.5196381327718944}"
736,"{'iteration': 736, 'state': <CognitiveState.EXPLORATORY: '探索状态'>, 'energy': 1.3637892379082557}"
737,"{'iteration': 737, 'state': <CognitiveState.FOCUSED: '专注状态'>, 'energy': 2.2031320993838346}"
738,"{'iteration': 738, 'state': <CognitiveState.INSPIRED: '灵感状态'>, 'energy': 2.719433409443716}"
739,"{'iteration': 739, 'state': <CognitiveState.FOCUSED: '专注状态'>, 'energy': 2.0832997283659846}"
740,"{'iteration': 740, 'state': <CognitiveState.EXPLORATORY: '探索状态'>, 'energy': 1.6952871550911723}"
741,"{'iteration': 741, 'state': <CognitiveState.FATIGUED: '疲劳状态'>, 'energy': 1.1527875600611979}"
742,"{'iteration': 742, 'state': <CognitiveState.FOCUSED: '专注状态'>, 'energy': 1.8191512345183751}"
743,"{'iteration': 743, 'state': <CognitiveState.FATIGUED: '疲劳状态'>, 'energy': 1.2503287572357422}"
744,"{'iteration': 744, 'state': <CognitiveState.FOCUSED: '专注状态'>, 'energy': 2.111746197303708}"
745,"{'iteration': 745, 'state': <CognitiveState.INSPIRED: '灵感状态'>, 'energy': 3.0}"
746,"{'iteration': 746, 'state': <CognitiveState.FOCUSED: '专注状态'>, 'energy': 1.893731113380308}"
747,"{'iteration': 747, 'state': <CognitiveState.FATIGUED: '疲劳状态'>, 'energy': 1.0213123322344204}"
748,"{'iteration': 748, 'state': <CognitiveState.FATIGUED: '疲劳状态'>, 'energy': 1.1264580215540043}"
749,"{'iteration': 749, 'state': <CognitiveState.EXPLORATORY: '探索状态'>, 'energy': 1.1424204977770682}"
750,"{'iteration': 750, 'state': <CognitiveState.FOCUSED: '专注状态'>, 'energy': 1.8420741423604212}"
751,"{'iteration': 751, 'state': <CognitiveState.FOCUSED: '专注状态'>, 'energy': 2.2226360993228598}"
752,"{'iteration': 752, 'state': <CognitiveState.FOCUSED: '专注状态'>, 'energy': 2.3439951470752627}"
753,"{'iteration': 753, 'state': <CognitiveState.FOCUSED: '专注状态'>, 'energy': 2.3082291556816266}"
754,"{'iteration': 754, 'state': <CognitiveState.EXPLORATORY: '探索状态'>, 'energy': 1.468436467719886}"
755,"{'iteration': 755, 'state': <CognitiveState.FOCUSED: '专注状态'>, 'energy': 1.8478655126044186}"
756,"{'iteration': 756, 'state': <CognitiveState.FOCUSED: '专注状态'>, 'energy': 2.0952425742736014}"
757,"{'iteration': 757, 'state': <CognitiveState.INSPIRED: '灵感状态'>, 'energy': 2.6930847176269808}"
758,"{'iteration': 758, 'state': <CognitiveState.EXPLORATORY: '探索状态'>, 'energy': 1.5537666114073918}"
759,"{'iteration': 759, 'state': <CognitiveState.INSPIRED: '灵感状态'>, 'energy': 3.0}"
760,"{'iteration': 760, 'state': <CognitiveState.INSPIRED: '灵感状态'>, 'energy': 2.4320818251332725}"
761,"{'iteration': 761, 'state': <CognitiveState.FOCUSED: '专注状态'>, 'energy': 2.388618525001567}"
762,"{'iteration': 762, 'state': <CognitiveState.FOCUSED: '专注状态'>, 'energy': 2.2821449748824785}"
763,"{'iteration': 763, 'state': <CognitiveState.EXPLORATORY: '探索状态'>, 'energy': 1.5247966910962996}"
764,"{'iteration': 764, 'state': <CognitiveState.INSPIRED: '灵感状态'>, 'energy': 2.625706412096379}"
765,"{'iteration': 765, 'state': <CognitiveState.FOCUSED: '专注状态'>, 'energy': 2.175722620315849}"
766,"{'iteration': 766, 'state': <CognitiveState.FOCUSED: '专注状态'>, 'energy': 2.316853447781432}"
767,"{'iteration': 767, 'state': <CognitiveState.FOCUSED: '专注状态'>, 'energy': 1.6501323796314271}"
768,"{'iteration': 768, 'state': <CognitiveState.FOCUSED: '专注状态'>, 'energy': 2.3662123104961665}"
769,"{'iteration': 769, 'state': <CognitiveState.INSPIRED: '灵感状态'>, 'energy': 2.682171947419575}"
770,"{'iteration': 770, 'state': <CognitiveState.EXPLORATORY: '探索状态'>, 'energy': 1.3839631697461492}"
771,"{'iteration': 771, 'state': <CognitiveState.INSPIRED: '灵感状态'>, 'energy': 3.0}"
772,"{'iteration': 772, 'state': <CognitiveState.FOCUSED: '专注状态'>, 'energy': 2.1025616873261974}"
773,"{'iteration': 773, 'state': <CognitiveState.FOCUSED: '专注状态'>, 'energy': 2.3766401041461362}"
774,"{'iteration': 774, 'state': <CognitiveState.FOCUSED: '专注状态'>, 'energy': 1.9173225447856161}"
775,"{'iteration': 775, 'state': <CognitiveState.EXPLORATORY: '探索状态'>, 'energy': 1.1921010300368986}"
776,"{'iteration': 776, 'state': <CognitiveState.INSPIRED: '灵感状态'>, 'energy': 2.247867332547317}"
777,"{'iteration': 777, 'state': <CognitiveState.FOCUSED: '专注状态'>, 'energy': 1.853532678096466}"
778,"{'iteration': 778, 'state': <CognitiveState.INSPIRED: '灵感状态'>, 'energy': 2.3760735124887864}"
779,"{'iteration': 779, 'state': <CognitiveState.FOCUSED: '专注状态'>, 'energy': 2.1431764369671744}"
780,"{'iteration': 780, 'state': <CognitiveState.EXPLORATORY: '探索状态'>, 'energy': 1.2924023540240375}"
781,"{'iteration': 781, 'state': <CognitiveState.INSPIRED: '灵感状态'>, 'energy': 2.6938825583407655}"
782,"{'iteration': 782, 'state': <CognitiveState.FATIGUED: '疲劳状态'>, 'energy': 0.9249959476337435}"
783,"{'iteration': 783, 'state': <CognitiveState.INSPIRED: '灵感状态'>, 'energy': 3.0}"
784,"{'iteration': 784, 'state': <CognitiveState.EXPLORATORY: '探索状态'>, 'energy': 1.3089461170673446}"
785,"{'iteration': 785, 'state': <CognitiveState.EXPLORATORY: '探索状态'>, 'energy': 1.3286177611283114}"
786,"{'iteration': 786, 'state': <CognitiveState.INSPIRED: '灵感状态'>, 'energy': 2.477437161302717}"
787,"{'iteration': 787, 'state': <CognitiveState.FATIGUED: '疲劳状态'>, 'energy': 1.1735448224370528}"
788,"{'iteration': 788, 'state': <CognitiveState.INSPIRED: '灵感状态'>, 'energy': 3.0}"
789,"{'iteration': 789, 'state': <CognitiveState.INSPIRED: '灵感状态'>, 'energy': 2.5383196428279775}"
790,"{'iteration': 790, 'state': <CognitiveState.INSPIRED: '灵感状态'>, 'energy': 2.6930484897305376}"
791,"{'iteration': 791, 'state': <CognitiveState.FOCUSED: '专注状态'>, 'energy': 1.8515864057582754}"
792,"{'iteration': 792, 'state': <CognitiveState.FOCUSED: '专注状态'>, 'energy': 2.2497921271838894}"
793,"{'iteration': 793, 'state': <CognitiveState.INSPIRED: '灵感状态'>, 'energy': 2.799292552902227}"
794,"{'iteration': 794, 'state': <CognitiveState.EXPLORATORY: '探索状态'>, 'energy': 1.6898525319222473}"
795,"{'iteration': 795, 'state': <CognitiveState.EXPLORATORY: '探索状态'>, 'energy': 1.268162821792891}"
796,"{'iteration': 796, 'state': <CognitiveState.FOCUSED: '专注状态'>, 'energy': 1.6945522441954262}"
797,"{'iteration': 797, 'state': <CognitiveState.FOCUSED: '专注状态'>, 'energy': 2.1569393478521213}"
798,"{'iteration': 798, 'state': <CognitiveState.FOCUSED: '专注状态'>, 'energy': 1.8331754036090964}"
799,"{'iteration': 799, 'state': <CognitiveState.FOCUSED: '专注状态'>, 'energy': 2.0357151956289816}"
800,"{'iteration': 800, 'state': <CognitiveState.EXPLORATORY: '探索状态'>, 'energy': 1.3296790078074103}"
801,"{'iteration': 801, 'state': <CognitiveState.FOCUSED: '专注状态'>, 'energy': 1.9260111627055998}"
802,"{'iteration': 802, 'state': <CognitiveState.FOCUSED: '专注状态'>, 'energy': 1.6165335145057154}"
803,"{'iteration': 803, 'state': <CognitiveState.FATIGUED: '疲劳状态'>, 'energy': 1.2135548599447894}"
804,"{'iteration': 804, 'state': <CognitiveState.FOCUSED: '专注状态'>, 'energy': 2.243329775045538}"
805,"{'iteration': 805, 'state': <CognitiveState.FATIGUED: '疲劳状态'>, 'energy': 0.9907667724606761}"
806,"{'iteration': 806, 'state': <CognitiveState.FATIGUED: '疲劳状态'>, 'energy': 0.9375581342237348}"
807,"{'iteration': 807, 'state': <CognitiveState.EXPLORATORY: '探索状态'>, 'energy': 1.6667916961582658}"
808,"{'iteration': 808, 'state': <CognitiveState.EXPLORATORY: '探索状态'>, 'energy': 1.6468237036341935}"
809,"{'iteration': 809, 'state': <CognitiveState.EXPLORATORY: '探索状态'>, 'energy': 1.449868208029114}"
810,"{'iteration': 810, 'state': <CognitiveState.INSPIRED: '灵感状态'>, 'energy': 2.6332888774617875}"
811,"{'iteration': 811, 'state': <CognitiveState.FATIGUED: '疲劳状态'>, 'energy': 1.237530700046178}"
812,"{'iteration': 812, 'state': <CognitiveState.FATIGUED: '疲劳状态'>, 'energy': 1.1007844729992313}"
813,"{'iteration': 813, 'state': <CognitiveState.INSPIRED: '灵感状态'>, 'energy': 3.0}"
814,"{'iteration': 814, 'state': <CognitiveState.FOCUSED: '专注状态'>, 'energy': 1.6816766662700222}"
815,"{'iteration': 815, 'state': <CognitiveState.INSPIRED: '灵感状态'>, 'energy': 2.8017637582838613}"
816,"{'iteration': 816, 'state': <CognitiveState.EXPLORATORY: '探索状态'>, 'energy': 1.4559175213099333}"
817,"{'iteration': 817, 'state': <CognitiveState.FOCUSED: '专注状态'>, 'energy': 2.082912356375626}"
818,"{'iteration': 818, 'state': <CognitiveState.EXPLORATORY: '探索状态'>, 'energy': 1.4382255084919713}"
819,"{'iteration': 819, 'state': <CognitiveState.FOCUSED: '专注状态'>, 'energy': 2.2773888170297623}"
820,"{'iteration': 820, 'state': <CognitiveState.FOCUSED: '专注状态'>, 'energy': 1.8506614958807224}"
821,"{'iteration': 821, 'state': <CognitiveState.INSPIRED: '灵感状态'>, 'energy': 2.297643386890648}"
822,"{'iteration': 822, 'state': <CognitiveState.INSPIRED: '灵感状态'>, 'energy': 2.2498187919076162}"
823,"{'iteration': 823, 'state': <CognitiveState.FOCUSED: '专注状态'>, 'energy': 2.141601185483342}"
824,"{'iteration': 824, 'state': <CognitiveState.FATIGUED: '疲劳状态'>, 'energy': 1.2095918743797074}"
825,"{'iteration': 825, 'state': <CognitiveState.FATIGUED: '疲劳状态'>, 'energy': 1.160400306978305}"
826,"{'iteration': 826, 'state': <CognitiveState.FOCUSED: '专注状态'>, 'energy': 2.399796647774542}"
827,"{'iteration': 827, 'state': <CognitiveState.INSPIRED: '灵感状态'>, 'energy': 2.631874555662089}"
828,"{'iteration': 828, 'state': <CognitiveState.FOCUSED: '专注状态'>, 'energy': 1.9770544708400748}"
